alpha_theory,boot90_high,boot90_low,boot95_high,boot95_low,control_distribution,epsilon,eta,expected_slope,horizon,mass_lower,mass_upper,median,median_r_squared,model,n_seeds,purpose,q16,q84,sample_kind,sample_size,steps,target,target_nu,task_kind,window
1.5,0.12196725922619164,0.08666760658768843,0.12375725595553316,0.08666760658768843,,0.5,0.5,0.16666666666666674,2.0,0.002,0.02,0.1049982256707801,0.9194613751487993,stable,4,refinement,0.08818036607105882,0.1220388590953653,block,16384,160,student_t,1.2,dynamic,broad
1.5,0.1319137085253396,-0.0054634289579521475,0.1319137085253396,-0.0054634289579521475,,0.5,0.5,0.16666666666666674,2.0,0.001,0.005,0.08584411768616351,0.6116160933567324,stable,4,refinement,0.019069836385736838,0.1290946619680216,block,16384,160,student_t,1.2,dynamic,extreme
1.5,0.11557687608123646,0.04118007866741454,0.11557687608123646,0.04118007866741454,,0.5,0.5,0.16666666666666674,2.0,0.001,0.01,0.08418862336287598,0.6440324448936278,stable,4,refinement,0.04859737163391409,0.11373732326374537,block,16384,160,student_t,1.2,dynamic,primary
1.5,0.12756507658452523,0.09138347638995262,0.12756507658452523,0.09138347638995262,,0.5,0.5,0.16666666666666674,2.0,0.002,0.02,0.11035181953464004,0.9816463737576817,stable,4,refinement,0.09933815663547849,0.12045283766450444,full,65536,160,student_t,1.2,dynamic,broad
1.5,0.13015482010125012,0.027191470041256292,0.13015482010125012,0.023277254220655224,,0.5,0.5,0.16666666666666674,2.0,0.001,0.005,0.06619096508268828,0.6567806666751254,stable,4,refinement,0.027034901408432246,0.11629310371833929,full,65536,160,student_t,1.2,dynamic,extreme
1.5,0.13390611597758048,0.06630955764759204,0.13390611597758048,0.05963422909766906,,0.5,0.5,0.16666666666666674,2.0,0.001,0.01,0.08669338199419022,0.878420341016454,stable,4,refinement,0.06604254450559512,0.11782408164795724,full,65536,160,student_t,1.2,dynamic,primary
1.5,0.165430334230335,0.08503205469815585,0.165430334230335,0.08503205469815585,,0.5,0.5,0.16666666666666674,2.0,0.002,0.02,0.1250836343095948,0.9555069501425495,stable,4,refinement,0.09627497585211373,0.1540457553279125,nested,16384,160,student_t,1.2,dynamic,broad
1.5,0.14059709182454735,0.04410617230361409,0.14740639847558074,0.030036597604112366,,0.5,0.5,0.16666666666666674,2.0,0.001,0.005,0.09562338152773969,0.5663524371072278,stable,4,refinement,0.04354338931563402,0.1405254149124365,nested,16384,160,student_t,1.2,dynamic,extreme
1.5,0.15449293339113682,0.07848233742412958,0.17799521918444527,0.06967397218285314,,0.5,0.5,0.16666666666666674,2.0,0.001,0.01,0.107903712721462,0.7966071391686771,stable,4,refinement,0.07813000281447852,0.15424554090912018,nested,16384,160,student_t,1.2,dynamic,primary
1.5,0.14654584018372072,0.12431164694217783,0.14654584018372072,0.12086509345836459,,0.5,0.5,0.16666666666666674,2.0,0.002,0.02,0.1340951826785627,0.9739315089990425,stable,4,refinement,0.1241737848028253,0.14361127606247925,nested,32768,160,student_t,1.2,dynamic,broad
1.5,0.15978138427894276,0.04589804292581187,0.15978138427894276,0.028954804679785145,,0.5,0.5,0.16666666666666674,2.0,0.001,0.005,0.07772518832140432,0.7064843135745846,stable,4,refinement,0.0452203133959708,0.12753868565111587,nested,32768,160,student_t,1.2,dynamic,extreme
1.5,0.14458406722452546,0.09577314993277117,0.14458406722452546,0.08360132161300729,,0.5,0.5,0.16666666666666674,2.0,0.001,0.01,0.10880737774995565,0.892142536018758,stable,4,refinement,0.09528627679998061,0.12782520803549385,nested,32768,160,student_t,1.2,dynamic,primary
1.5,0.11718690860990592,0.11420856601270113,0.11718690860990592,0.112643908646874,,0.5,0.5,0.16666666666666674,2.0,0.002,0.02,0.11631503731831676,0.8929282772969205,stable,4,refinement,0.11414597971806804,0.1170284810810416,block,16384,40,student_t,1.2,dynamic,broad
1.5,0.1372643644460089,0.06930231345031687,0.14238987216179766,0.05577848676455116,,0.5,0.5,0.16666666666666674,2.0,0.001,0.005,0.1072127348691666,0.6531192974699909,stable,4,refinement,0.06876136038288624,0.13721041173321508,block,16384,40,student_t,1.2,dynamic,extreme
1.5,0.1210538880994497,0.10558814787227705,0.1210538880994497,0.10558814787227705,,0.5,0.5,0.16666666666666674,2.0,0.001,0.01,0.11901037551784674,0.7998035906611507,stable,4,refinement,0.11188556200910388,0.1202182571933269,block,16384,40,student_t,1.2,dynamic,primary
1.5,0.12985601583677772,0.10169513422336804,0.12985601583677772,0.09288883002803117,,0.5,0.5,0.16666666666666674,2.0,0.002,0.02,0.11239375674714358,0.9830168381402932,stable,4,refinement,0.10134288205555456,0.1223824442714039,full,65536,40,student_t,1.2,dynamic,broad
1.5,0.13076315234287514,0.02816318478374163,0.13076315234287514,0.025989266572298518,,0.5,0.5,0.16666666666666674,2.0,0.001,0.005,0.06583290900020453,0.651032660552844,stable,4,refinement,0.028076228055283908,0.11663462242080273,full,65536,40,student_t,1.2,dynamic,extreme
1.5,0.13451322343192942,0.06750624123897975,0.13451322343192942,0.061601506239273164,,0.5,0.5,0.16666666666666674,2.0,0.001,0.01,0.08750961985303768,0.8772890546436669,stable,4,refinement,0.06727005183899148,0.11871884264895004,full,65536,40,student_t,1.2,dynamic,primary
1.5,0.13065053718609485,-0.04544651899437594,0.13065053718609485,-0.04544651899437594,,0.5,0.5,0.16666666666666674,2.0,0.002,0.02,0.09625704286869564,0.7930969040869921,stable,4,refinement,0.013382552507100028,0.12333029810654161,nested,16384,40,student_t,1.2,dynamic,broad
1.5,0.12640974754653284,0.004812189762748362,0.15877495182440793,0.004812189762748362,,0.5,0.5,0.16666666666666674,2.0,0.001,0.005,0.07003847210083694,0.5255397893790252,stable,4,refinement,0.02459789112447689,0.12770435571764785,nested,16384,40,student_t,1.2,dynamic,extreme
1.5,0.11211543566206128,-0.05903120067924253,0.11211543566206128,-0.05903120067924253,,0.5,0.5,0.16666666666666674,2.0,0.001,0.01,0.09035495207512645,0.7442459047435764,stable,4,refinement,0.008372368392644713,0.10597218779054243,nested,16384,40,student_t,1.2,dynamic,primary
1.5,0.11264585573240218,0.07875563355803031,0.11323169680452524,0.060507184455623364,,0.5,0.5,0.16666666666666674,2.0,0.002,0.02,0.10450121491972059,0.9513604819640691,stable,4,refinement,0.07802569559393403,0.11263968898427501,nested,32768,40,student_t,1.2,dynamic,broad
1.5,0.12967437166338255,0.010032348017169035,0.13570202078217758,0.010032348017169035,,0.5,0.5,0.16666666666666674,2.0,0.001,0.005,0.11162879795734411,0.8065585550719135,stable,4,refinement,0.05303004018657623,0.12991547762813435,nested,32768,40,student_t,1.2,dynamic,extreme
1.5,0.11898632242216778,0.06340172773693833,0.12092142206517824,0.03186318730528559,,0.5,0.5,0.16666666666666674,2.0,0.001,0.01,0.10599574547387419,0.9113992584753527,stable,4,refinement,0.06214018611967222,0.11906372640788819,nested,32768,40,student_t,1.2,dynamic,primary
1.5,0.0993225399366125,0.08529071949756879,0.10014843391807682,0.08118660229033334,,0.5,0.5,0.16666666666666674,2.0,0.002,0.02,0.09654230086181756,0.9670290764227853,stable,12,primary,0.07329522011995754,0.10245005949210785,block,65536,80,student_t,1.2,dynamic,broad
1.5,0.13261488645348976,0.09136805126883306,0.13287397868296608,0.08757669879817104,,0.5,0.5,0.16666666666666674,2.0,0.001,0.005,0.11649615926606358,0.8894822624068801,stable,12,primary,0.08306421431723399,0.13636621875075153,block,65536,80,student_t,1.2,dynamic,extreme
1.5,0.11972293581428026,0.08883683533907229,0.12171163597394197,0.08841683423870023,,0.5,0.5,0.16666666666666674,2.0,0.001,0.01,0.10338581059651489,0.9367452984867136,stable,12,primary,0.08649175630221408,0.12478825060441831,block,65536,80,student_t,1.2,dynamic,primary
1.5,0.10139655710460639,0.0872474715331844,0.10176581149976316,0.08581962670648843,,0.5,0.5,0.16666666666666674,2.0,0.002,0.02,0.09510683362117707,0.9879205196638428,stable,12,primary,0.08351040343446751,0.10304529865522952,full,262144,80,student_t,1.2,dynamic,broad
1.5,0.1304988436570269,0.0875108549215369,0.13226365921711852,0.08638389028944417,,0.5,0.5,0.16666666666666674,2.0,0.001,0.005,0.10515292464440149,0.9641846830727321,stable,12,primary,0.08494920866425228,0.1340551095551015,full,262144,80,student_t,1.2,dynamic,extreme
1.5,0.11933093269435607,0.09052825350132918,0.11956843099856754,0.08685361153266212,,0.5,0.5,0.16666666666666674,2.0,0.001,0.01,0.10020420863328505,0.9776578338845996,stable,12,primary,0.08310290359900092,0.12150508098658964,full,262144,80,student_t,1.2,dynamic,primary
1.5,0.1129002802019411,0.09005172341061302,0.11297175021814337,0.08698902209756865,,0.5,0.5,0.16666666666666674,2.0,0.002,0.02,0.09922112613604119,0.9839457121549229,stable,12,primary,0.0808241159087133,0.11304642998354944,nested,131072,80,student_t,1.2,dynamic,broad
1.5,0.11617901602999091,0.09563109798324251,0.11655185100181063,0.09124865703530613,,0.5,0.5,0.16666666666666674,2.0,0.001,0.005,0.10965137087724333,0.9538163899824259,stable,12,primary,0.08397732746102504,0.12020344566223717,nested,131072,80,student_t,1.2,dynamic,extreme
1.5,0.1086561442970249,0.09824141034946242,0.1089068677975146,0.09643401420005915,,0.5,0.5,0.16666666666666674,2.0,0.001,0.01,0.10249824601245046,0.9598193126436279,stable,12,primary,0.0916159909790817,0.11238187054363599,nested,131072,80,student_t,1.2,dynamic,primary
1.5,0.10705144460781137,0.07393983179505961,0.11261978300355271,0.07102594591541328,,0.5,0.5,0.16666666666666674,2.0,0.002,0.02,0.08885500539523813,0.9788160392897682,stable,12,primary,0.06341533357703287,0.1347445353579596,nested,65536,80,student_t,1.2,dynamic,broad
1.5,0.14766730154541127,0.08947678137563664,0.14889546202747575,0.08280351836639155,,0.5,0.5,0.16666666666666674,2.0,0.001,0.005,0.11924724983529081,0.9230385171256499,stable,12,primary,0.06517518100442846,0.1537513156225699,nested,65536,80,student_t,1.2,dynamic,extreme
1.5,0.15405700427994073,0.07465981647841512,0.15552196818169056,0.07319956878944447,,0.5,0.5,0.16666666666666674,2.0,0.001,0.01,0.09987012859606738,0.9369876044527619,stable,12,primary,0.06642125431855259,0.15709302370321057,nested,65536,80,student_t,1.2,dynamic,primary
1.5,0.14008380965632156,0.11279177079163624,0.14008380965632156,0.0954646483477941,,0.5,0.5,0.16666666666666674,2.0,0.002,0.02,0.13012657127577054,0.8864740861520899,stable,4,refinement,0.11209868589388255,0.1353080206929973,block,16384,80,student_t,1.2,dynamic,broad
1.5,0.14085777989831885,0.03377791551072583,0.1597841785258185,0.026781529638629932,,0.5,0.5,0.16666666666666674,2.0,0.001,0.005,0.08135284132682047,0.39655395786745906,stable,4,refinement,0.033498060075841996,0.14161483584341883,block,16384,80,student_t,1.2,dynamic,extreme
1.5,0.1263599872583599,0.06314805297485242,0.1263599872583599,0.06314805297485242,,0.5,0.5,0.16666666666666674,2.0,0.001,0.01,0.09564790847720289,0.6041660793505934,stable,4,refinement,0.06401057310341385,0.12635559995597134,block,16384,80,student_t,1.2,dynamic,primary
1.5,0.12110323985381732,0.10048361574900444,0.1285897628522124,0.09169631698828187,,0.5,0.5,0.16666666666666674,2.0,0.002,0.02,0.11144381568257462,0.9828355984166897,stable,4,refinement,0.10013212379857554,0.12140270077375313,full,65536,80,student_t,1.2,dynamic,broad
1.5,0.11651065993122567,0.026117814998289093,0.13056178521474884,0.022165835839344047,,0.5,0.5,0.16666666666666674,2.0,0.001,0.005,0.06626466440246832,0.6491001254449373,stable,4,refinement,0.02595973583193129,0.11707270494256661,full,65536,80,student_t,1.2,dynamic,extreme
1.5,0.1180212964262197,0.06601912894521315,0.1341383278490815,0.059305727598408554,,0.5,0.5,0.16666666666666674,2.0,0.001,0.01,0.08731839764768781,0.8767360164703653,stable,4,refinement,0.06575059289134097,0.11866597768313417,full,65536,80,student_t,1.2,dynamic,primary
1.5,0.13206375003502502,0.08650003705124053,0.13206375003502502,0.08650003705124053,,0.5,0.5,0.16666666666666674,2.0,0.002,0.02,0.11930452603376468,0.8621353470917561,stable,4,refinement,0.10053991882940756,0.1276455954478646,nested,16384,80,student_t,1.2,dynamic,broad
1.5,0.03345863649844018,-0.015742520116978506,0.03345863649844018,-0.021578382997181685,,0.5,0.5,0.16666666666666674,2.0,0.001,0.005,-0.0011338044368964704,0.0800427052565526,stable,4,refinement,-0.015975954632186633,0.021065234193420438,nested,16384,80,student_t,1.2,dynamic,extreme
1.5,0.09405352851560471,-0.0003685142162959363,0.09405352851560471,-0.0003685142162959363,,0.5,0.5,0.16666666666666674,2.0,0.001,0.01,0.06589591782194032,0.38143005635346766,stable,4,refinement,0.023500427754082173,0.08847586079062109,nested,16384,80,student_t,1.2,dynamic,primary
1.5,0.0936912602876804,0.06695922180479096,0.0936912602876804,0.04992029837565843,,0.5,0.5,0.16666666666666674,2.0,0.002,0.02,0.08760781141424846,0.918736753348248,stable,4,refinement,0.06627766486762565,0.09250384459498907,nested,32768,80,student_t,1.2,dynamic,broad
1.5,0.08622232423581394,0.050143746719320606,0.08622232423581394,0.03512421023264748,,0.5,0.5,0.16666666666666674,2.0,0.001,0.005,0.06727538548873768,0.6582934416610529,stable,4,refinement,0.049542965259853675,0.07814160273293443,nested,32768,80,student_t,1.2,dynamic,extreme
1.5,0.07853040273022688,0.05374359558339472,0.07944053479418724,0.05374359558339472,,0.5,0.5,0.16666666666666674,2.0,0.001,0.01,0.07332637581180604,0.8376920950392622,stable,4,refinement,0.06108226056289113,0.07856680801278529,nested,32768,80,student_t,1.2,dynamic,primary
1.5,0.019453262025001857,-0.0107800698061869,0.019453262025001857,-0.03071160575627322,,0.5,0.5,0.0,2.0,0.002,0.02,0.012918474118128433,0.3312796275948884,stable,4,refinement,-0.011577331244190352,0.01812472765733254,block,16384,160,student_t,1.5,dynamic,broad
1.5,0.10063746613918867,0.02615344427662132,0.10063746613918867,0.02615344427662132,,0.5,0.5,0.0,2.0,0.001,0.005,0.05140151273878753,0.3999873706082218,stable,4,refinement,0.0336983088729871,0.08157841677247012,block,16384,160,student_t,1.5,dynamic,extreme
1.5,0.050390574107230794,0.011973773447940447,0.0584631309865979,-0.003343617257660369,,0.5,0.5,0.0,2.0,0.001,0.01,0.03480459069070248,0.3127554527904086,stable,4,refinement,0.011361077819716413,0.050713476382405476,block,16384,160,student_t,1.5,dynamic,primary
1.5,0.011336478842988381,-0.04511272958721489,0.011336478842988381,-0.04511272958721489,,0.5,0.5,0.0,2.0,0.002,0.02,0.009905979315771057,0.3181915140662064,stable,4,refinement,-0.01910140181267497,0.011047491568817399,full,65536,160,student_t,1.5,dynamic,broad
1.5,0.06988294201726919,0.0039056406058668946,0.06988294201726919,0.0039056406058668946,,0.5,0.5,0.0,2.0,0.001,0.005,0.03213377895185782,0.515026876064751,stable,4,refinement,0.014431713210609036,0.05478677754720524,full,65536,160,student_t,1.5,dynamic,extreme
1.5,0.03921203713083248,-0.024851522675295418,0.03921203713083248,-0.024851522675295418,,0.5,0.5,0.0,2.0,0.001,0.01,0.02987244217549062,0.6367562686081125,stable,4,refinement,-0.0003949437339877508,0.03653995573933802,full,65536,160,student_t,1.5,dynamic,primary
1.5,0.0348493293856943,-0.1161248856696618,0.04574803079516253,-0.1161248856696618,,0.5,0.5,0.0,2.0,0.002,0.02,0.019197846398562493,0.6391023116871977,stable,4,refinement,-0.053451309434192656,0.03528527744207303,nested,16384,160,student_t,1.5,dynamic,broad
1.5,0.08977617879977644,-0.004929645973941139,0.08977617879977644,-0.039792699214116635,,0.5,0.5,0.0,2.0,0.001,0.005,0.04459391238239603,0.36015031795009383,stable,4,refinement,-0.006324168103548161,0.07512573337519145,nested,16384,160,student_t,1.5,dynamic,extreme
1.5,0.0594593316409376,-0.04730631529847441,0.07305290891292486,-0.04730631529847441,,0.5,0.5,0.0,2.0,0.001,0.01,0.021360411940824137,0.4546401866657596,stable,4,refinement,-0.026108850589111686,0.06000307473181709,nested,16384,160,student_t,1.5,dynamic,primary
1.5,0.0362757611849019,-0.06910703873021079,0.0362757611849019,-0.06910703873021079,,0.5,0.5,0.0,2.0,0.002,0.02,0.011645118314652213,0.5138667300667568,stable,4,refinement,-0.030377151637856564,0.02448420089636207,nested,32768,160,student_t,1.5,dynamic,broad
1.5,0.06231408803383383,-0.011159706438603836,0.10338440171854146,-0.027948154464979124,,0.5,0.5,0.0,2.0,0.001,0.005,0.013436257968448825,0.27787471991647333,stable,4,refinement,-0.011831244359658849,0.06395690058122214,nested,32768,160,student_t,1.5,dynamic,extreme
1.5,0.047250230296616506,-0.05375830994348595,0.06727770056165742,-0.05375830994348595,,0.5,0.5,0.0,2.0,0.001,0.01,0.015308742545323205,0.6445695684888395,stable,4,refinement,-0.026324853142258704,0.04805132910721814,nested,32768,160,student_t,1.5,dynamic,primary
1.5,0.015764685503771428,-0.014131516842985296,0.017442621732309472,-0.0410499273415169,,0.5,0.5,0.0,2.0,0.002,0.02,0.013436821465389843,0.3802105843447654,stable,4,refinement,-0.01520825326292656,0.01583180295291295,block,16384,40,student_t,1.5,dynamic,broad
1.5,0.06565216114175275,0.01676451061825983,0.08801953749786089,0.01676451061825983,,0.5,0.5,0.0,2.0,0.001,0.005,0.036762156819760826,0.5272705278612697,stable,4,refinement,0.023232519371356085,0.06654685619599708,block,16384,40,student_t,1.5,dynamic,extreme
1.5,0.043059442985755404,0.01895424677323973,0.055034469384780335,0.016147759331941406,,0.5,0.5,0.0,2.0,0.001,0.01,0.026422575400634266,0.4971578132116487,stable,4,refinement,0.018841987275587797,0.043538444041716404,block,16384,40,student_t,1.5,dynamic,primary
1.5,0.011160377121227529,-0.04406200192004034,0.011160377121227529,-0.04406200192004034,,0.5,0.5,0.0,2.0,0.002,0.02,0.010104251806628467,0.30776125759285566,stable,4,refinement,-0.018450955370802213,0.011042192209782878,full,65536,40,student_t,1.5,dynamic,broad
1.5,0.05504933503468421,0.004938909190771158,0.06986823810667016,0.004938909190771158,,0.5,0.5,0.0,2.0,0.001,0.005,0.033197341079395745,0.5073066794118151,stable,4,refinement,0.01512707287332575,0.05564209115756365,full,65536,40,student_t,1.5,dynamic,extreme
1.5,0.03974336548932147,0.001329881717350767,0.03974336548932147,-0.02430675220162986,,0.5,0.5,0.0,2.0,0.001,0.01,0.030797043849765414,0.6244190050545906,stable,4,refinement,0.00030441636059154106,0.03728778464478289,full,65536,40,student_t,1.5,dynamic,primary
1.5,0.026714832241360627,-0.025737474966226734,0.04040862439038476,-0.058381759737749186,,0.5,0.5,0.0,2.0,0.002,0.02,0.009963924948816108,0.20454635844405833,stable,4,refinement,-0.02704324635708763,0.027262583927321594,nested,16384,40,student_t,1.5,dynamic,broad
1.5,0.12504279634312238,0.024913923266330334,0.12504279634312238,0.024913923266330334,,0.5,0.5,0.0,2.0,0.001,0.005,0.03349501665580619,0.3135469087917416,stable,4,refinement,0.02896392728233308,0.08116878290415627,nested,16384,40,student_t,1.5,dynamic,extreme
1.5,0.0725134475099182,0.0016481556940358363,0.0725134475099182,0.0016481556940358363,,0.5,0.5,0.0,2.0,0.001,0.01,0.04051809715654794,0.5971506843311589,stable,4,refinement,0.0181997413036531,0.05926166563268902,nested,16384,40,student_t,1.5,dynamic,primary
1.5,0.03175682306883226,-0.03222585684995049,0.03175682306883226,-0.038967958149340544,,0.5,0.5,0.0,2.0,0.002,0.02,-0.018990345412040012,0.5557377883341209,stable,4,refinement,-0.03215488736258759,0.010174365525164875,nested,32768,40,student_t,1.5,dynamic,broad
1.5,0.06360797887706533,-0.04652974503614952,0.06360797887706533,-0.04652974503614952,,0.5,0.5,0.0,2.0,0.001,0.005,0.033752534373591256,0.6236491379187848,stable,4,refinement,-0.009155171446555727,0.05043828604247955,nested,32768,40,student_t,1.5,dynamic,extreme
1.5,0.017443230532216546,-0.0008597088788629848,0.017443230532216546,-0.006823107270950285,,0.5,0.5,0.0,2.0,0.001,0.01,0.01037640570974354,0.07975469373447786,stable,4,refinement,-0.001098244814546477,0.01658205839175873,nested,32768,40,student_t,1.5,dynamic,primary
1.5,0.019433775518877264,0.006104157489257734,0.01955916286906006,0.005500382505735053,,0.5,0.5,0.0,2.0,0.002,0.02,0.012589525762728196,0.40877200775979494,stable,12,primary,0.003958849091356741,0.021421112353591013,block,65536,80,student_t,1.5,dynamic,broad
1.5,0.03060452621998478,-0.011075398027723077,0.03326327105722911,-0.014768224853498177,,0.5,0.5,0.0,2.0,0.001,0.005,0.012409423777578775,0.5473585733363564,stable,12,primary,-0.02710243924904077,0.0427414157503108,block,65536,80,student_t,1.5,dynamic,extreme
1.5,0.02160190741243092,-0.0035620482415301405,0.021920203224174685,-0.00912700458033619,,0.5,0.5,0.0,2.0,0.001,0.01,0.01022462766799437,0.48086221388283334,stable,12,primary,-0.0192285655569892,0.02427915547576881,block,65536,80,student_t,1.5,dynamic,primary
1.5,0.016285539186451415,0.0015919856672809878,0.019259368755131505,0.001136087600769157,,0.5,0.5,0.0,2.0,0.002,0.02,0.007787997077836522,0.6043473130823913,stable,12,primary,0.000182513874951561,0.022506278141559203,full,262144,80,student_t,1.5,dynamic,broad
1.5,0.018250620067604136,-0.013691908321818509,0.01908151922020523,-0.021582343585546344,,0.5,0.5,0.0,2.0,0.001,0.005,0.008233871254005987,0.5396626480338005,stable,12,primary,-0.03310399138021964,0.020329029529942887,full,262144,80,student_t,1.5,dynamic,extreme
1.5,0.019409685796810464,-0.010088047674471322,0.021116248483840236,-0.014427274190633438,,0.5,0.5,0.0,2.0,0.001,0.01,0.0033786897288027597,0.567153055985031,stable,12,primary,-0.024527210995695357,0.023195604191060572,full,262144,80,student_t,1.5,dynamic,primary
1.5,0.01740476752866171,0.0039061244183152904,0.018682849000911356,0.0025069903503670806,,0.5,0.5,0.0,2.0,0.002,0.02,0.011498947099545938,0.49590369336617873,stable,12,primary,0.001091215836061567,0.021526927433962968,nested,131072,80,student_t,1.5,dynamic,broad
1.5,0.025236925410017756,-0.006223496943787583,0.027818592582441223,-0.008097877999076061,,0.5,0.5,0.0,2.0,0.001,0.005,0.015852720263230032,0.49590581953254914,stable,12,primary,-0.010156290638601783,0.0316246818905315,nested,131072,80,student_t,1.5,dynamic,extreme
1.5,0.019231569132726226,0.0032084671388572204,0.019647258128239177,0.002653617114686579,,0.5,0.5,0.0,2.0,0.001,0.01,0.010292716902687677,0.3891093505739658,stable,12,primary,-0.0037817139136150212,0.02281344349265817,nested,131072,80,student_t,1.5,dynamic,primary
1.5,0.021156842460035272,-0.004651330971572109,0.021931823341000405,-0.006293028842317605,,0.5,0.5,0.0,2.0,0.002,0.02,0.006708725353794537,0.34669373459573466,stable,12,primary,-0.00802358869037985,0.023136011482540898,nested,65536,80,student_t,1.5,dynamic,broad
1.5,0.03195215574965658,0.003351034600744861,0.03561220194335055,0.0007224727036106073,,0.5,0.5,0.0,2.0,0.001,0.005,0.024064706619018182,0.532926865496383,stable,12,primary,-0.025098427906249745,0.0437178424585553,nested,65536,80,student_t,1.5,dynamic,extreme
1.5,0.02418409059398243,-0.009722417871198246,0.02536992494316488,-0.011818549938051846,,0.5,0.5,0.0,2.0,0.001,0.01,0.009337476545920377,0.452779562266031,stable,12,primary,-0.03008600330003036,0.027530709588124546,nested,65536,80,student_t,1.5,dynamic,primary
1.5,0.013694162414844594,-0.02421560886605525,0.01772834565106723,-0.04824455658064791,,0.5,0.5,0.0,2.0,0.002,0.02,0.004736659013579683,0.29295488936221237,stable,4,refinement,-0.02517676677463896,0.0138555297442935,block,16384,80,student_t,1.5,dynamic,broad
1.5,0.07310823480555045,0.005399195103148235,0.07310823480555045,0.005399195103148235,,0.5,0.5,0.0,2.0,0.001,0.005,0.0468441975619184,0.537156927514026,stable,4,refinement,0.023057715000874852,0.06273657821109013,block,16384,80,student_t,1.5,dynamic,extreme
1.5,0.05350427818187402,-0.014220124520546195,0.05350427818187402,-0.014220124520546195,,0.5,0.5,0.0,2.0,0.001,0.01,0.03878141901112681,0.5240064934129594,stable,4,refinement,0.010823775386785786,0.046834146767786425,block,16384,80,student_t,1.5,dynamic,primary
1.5,0.011099597881226332,-0.044900799304708805,0.011099597881226332,-0.044900799304708805,,0.5,0.5,0.0,2.0,0.002,0.02,0.009788517058482708,0.3088225137346001,stable,4,refinement,-0.018956195419698337,0.010776547055630852,full,65536,80,student_t,1.5,dynamic,broad
1.5,0.05477360131144497,0.004879199172273018,0.07062531077313802,0.004879199172273018,,0.5,0.5,0.0,2.0,0.001,0.005,0.032314471974619195,0.5056052684367183,stable,4,refinement,0.014876568577335467,0.055407669689912696,full,65536,80,student_t,1.5,dynamic,extreme
1.5,0.03961121971384881,0.0006238420281538051,0.03961121971384881,-0.02460227701870717,,0.5,0.5,0.0,2.0,0.001,0.01,0.02973678743389109,0.6295612246755777,stable,4,refinement,-0.000385202733720634,0.03673716887172974,full,65536,80,student_t,1.5,dynamic,primary
1.5,0.004226100519634643,-0.03209493239136167,0.013564640830477172,-0.03209493239136167,,0.5,0.5,0.0,2.0,0.002,0.02,-0.00886318957666944,0.08775910054101244,stable,4,refinement,-0.022744055737330945,0.004599642132068343,nested,16384,80,student_t,1.5,dynamic,broad
1.5,0.11491844310846212,0.073762867768943,0.11491844310846212,0.073762867768943,,0.5,0.5,0.0,2.0,0.001,0.005,0.09047602550132755,0.7469442812055935,stable,4,refinement,0.0759587934288003,0.10901247270872483,nested,16384,80,student_t,1.5,dynamic,extreme
1.5,0.05380596526259654,0.03894550738193156,0.057546023885131095,0.03377020422271889,,0.5,0.5,0.0,2.0,0.001,0.01,0.04709335859060311,0.45129425828781083,stable,4,refinement,0.038738495255563055,0.05395556760749792,nested,16384,80,student_t,1.5,dynamic,primary
1.5,0.008020127906014739,-0.04642986286192807,0.008020127906014739,-0.04642986286192807,,0.5,0.5,0.0,2.0,0.002,0.02,-0.0030397196287773546,0.2192724935193684,stable,4,refinement,-0.030828574889235967,0.00793738186853477,nested,32768,80,student_t,1.5,dynamic,broad
1.5,0.1117154572869804,0.028140167843202966,0.1117154572869804,0.025291280807914575,,0.5,0.5,0.0,2.0,0.001,0.005,0.05179816806426239,0.6582597368821577,stable,4,refinement,0.028026212361791432,0.09294353278924586,nested,32768,80,student_t,1.5,dynamic,extreme
1.5,0.062009600316398045,-0.0035955109342225523,0.062009600316398045,-0.0035955109342225523,,0.5,0.5,0.0,2.0,0.001,0.01,0.03269367877905216,0.36416143959640856,stable,4,refinement,0.004648593479112124,0.057112664627509205,nested,32768,80,student_t,1.5,dynamic,primary
1.5,-0.17712061825901942,-0.24361654825617346,-0.17712061825901942,-0.24361654825617346,,0.5,0.5,-0.3333333333333333,2.0,0.002,0.02,-0.22685499985350577,0.9670470852787882,stable,4,refinement,-0.23773064346375317,-0.19883348298351267,block,16384,160,student_t,3.0,dynamic,broad
1.5,-0.2482797938863877,-0.3357477831319601,-0.2482797938863877,-0.34551704377451664,,0.5,0.5,-0.3333333333333333,2.0,0.001,0.005,-0.3002112347887819,0.9454601645562264,stable,4,refinement,-0.3361385535576623,-0.26083858742323857,block,16384,160,student_t,3.0,dynamic,extreme
1.5,-0.25944928655199073,-0.29789530547441,-0.25944928655199073,-0.29789530547441,,0.5,0.5,-0.3333333333333333,2.0,0.001,0.01,-0.26840412604114394,0.9675261391792267,stable,4,refinement,-0.28775698349749,-0.2597301653557366,block,16384,160,student_t,3.0,dynamic,primary
1.5,-0.19698959376579153,-0.24326285455925611,-0.19698959376579153,-0.2528732692164746,,0.5,0.5,-0.3333333333333333,2.0,0.002,0.02,-0.2288173308373248,0.9850836605723636,stable,4,refinement,-0.24364727114554485,-0.20994605520906537,full,65536,160,student_t,3.0,dynamic,broad
1.5,-0.25087305582529323,-0.30567715648752564,-0.25087305582529323,-0.30567715648752564,,0.5,0.5,-0.3333333333333333,2.0,0.001,0.005,-0.27977326964554006,0.9877614631255356,stable,4,refinement,-0.3054918036903908,-0.25249664557199347,full,65536,160,student_t,3.0,dynamic,extreme
1.5,-0.2546525111042367,-0.2996516486531091,-0.25026017177293447,-0.2996516486531091,,0.5,0.5,-0.3333333333333333,2.0,0.001,0.01,-0.26271959483485,0.9954513607524469,stable,4,refinement,-0.2836881401320141,-0.2544768175309846,full,65536,160,student_t,3.0,dynamic,primary
1.5,-0.16555882860799775,-0.2529523813884038,-0.16555882860799775,-0.2529523813884038,,0.5,0.5,-0.3333333333333333,2.0,0.002,0.02,-0.19748245064569137,0.9622632512847598,stable,4,refinement,-0.2331652247147672,-0.1740437571032253,nested,16384,160,student_t,3.0,dynamic,broad
1.5,-0.14025746122264393,-0.4085098412360568,-0.14025746122264393,-0.4085098412360568,,0.5,0.5,-0.3333333333333333,2.0,0.001,0.005,-0.26367037922905034,0.9332941497066825,stable,4,refinement,-0.38284005919027425,-0.15564250214813846,nested,16384,160,student_t,3.0,dynamic,extreme
1.5,-0.17492607568151824,-0.3162779794677095,-0.17492607568151824,-0.3597585343552403,,0.5,0.5,-0.3333333333333333,2.0,0.001,0.01,-0.23262588933547146,0.9442466931933058,stable,4,refinement,-0.3180172016632108,-0.18333964931795627,nested,16384,160,student_t,3.0,dynamic,primary
1.5,-0.17560562734003313,-0.23991753615536415,-0.17560562734003313,-0.2711434989619898,,0.5,0.5,-0.3333333333333333,2.0,0.002,0.02,-0.20234430336859305,0.9735402968137028,stable,4,refinement,-0.2411665746676292,-0.18539350224327206,nested,32768,160,student_t,3.0,dynamic,broad
1.5,-0.18857955415371325,-0.30698760335476233,-0.16165352902467914,-0.356878277570673,,0.5,0.5,-0.3333333333333333,2.0,0.001,0.005,-0.23630125421079953,0.959903723432403,stable,4,refinement,-0.30898323032339875,-0.1875025131485519,nested,32768,160,student_t,3.0,dynamic,extreme
1.5,-0.1994304747537734,-0.2970348376737711,-0.1811832300034601,-0.2970348376737711,,0.5,0.5,-0.3333333333333333,2.0,0.001,0.01,-0.2512479507313582,0.961542685128503,stable,4,refinement,-0.2911708429305032,-0.1987005849637609,nested,32768,160,student_t,3.0,dynamic,primary
1.5,-0.1855618691144455,-0.2439994861639706,-0.1855618691144455,-0.25965825883677984,,0.5,0.5,-0.3333333333333333,2.0,0.002,0.02,-0.2241899789362347,0.979174766349763,stable,4,refinement,-0.24462583707088298,-0.20211100924253952,block,16384,40,student_t,3.0,dynamic,broad
1.5,-0.23137059636894458,-0.30060529409687764,-0.22843221437451655,-0.3240788436715818,,0.5,0.5,-0.3333333333333333,2.0,0.001,0.005,-0.255720361442773,0.9309532889284666,stable,4,refinement,-0.3015442360798658,-0.23125306108916746,block,16384,40,student_t,3.0,dynamic,extreme
1.5,-0.2485175541496031,-0.2934122107897922,-0.23689290452110162,-0.2934122107897922,,0.5,0.5,-0.3333333333333333,2.0,0.001,0.01,-0.2647439232264447,0.9716503592486336,stable,4,refinement,-0.2818602580945886,-0.24805256816446306,block,16384,40,student_t,3.0,dynamic,primary
1.5,-0.21351508119724097,-0.2556619565506269,-0.2004702529260132,-0.2556619565506269,,0.5,0.5,-0.3333333333333333,2.0,0.002,0.02,-0.23119989999609925,0.9860680789976052,stable,4,refinement,-0.2461473648577163,-0.21299328806639187,full,65536,40,student_t,3.0,dynamic,broad
1.5,-0.25443029940780976,-0.30881362699765935,-0.24896669732239146,-0.3109241667153681,,0.5,0.5,-0.3333333333333333,2.0,0.001,0.005,-0.2835860523910807,0.9876586906667693,stable,4,refinement,-0.3088980485863677,-0.2544878110087047,full,65536,40,student_t,3.0,dynamic,extreme
1.5,-0.25093481707600085,-0.3042155343022878,-0.25093481707600085,-0.3042155343022878,,0.5,0.5,-0.3333333333333333,2.0,0.001,0.01,-0.2657195037856795,0.9955393283137939,stable,4,refinement,-0.28719789005442786,-0.25657101629653456,full,65536,40,student_t,3.0,dynamic,primary
1.5,-0.18235887832232336,-0.28165627108237573,-0.18235887832232336,-0.28165627108237573,,0.5,0.5,-0.3333333333333333,2.0,0.002,0.02,-0.2300207393442189,0.9619365935540731,stable,4,refinement,-0.2637178508564682,-0.19838993660442544,nested,16384,40,student_t,3.0,dynamic,broad
1.5,-0.20221675296619412,-0.318205838668953,-0.19932788839638896,-0.318205838668953,,0.5,0.5,-0.3333333333333333,2.0,0.001,0.005,-0.2250331742092359,0.95963606059592,stable,4,refinement,-0.2830481869314424,-0.2021011983834019,nested,16384,40,student_t,3.0,dynamic,extreme
1.5,-0.22644969601109471,-0.2764100286215768,-0.22644969601109471,-0.2764100286215768,,0.5,0.5,-0.3333333333333333,2.0,0.001,0.01,-0.26019418589563276,0.9663849523114207,stable,4,refinement,-0.2716508871268796,-0.239622588141917,nested,16384,40,student_t,3.0,dynamic,primary
1.5,-0.18501749378616641,-0.23438580123011593,-0.18501749378616641,-0.23438580123011593,,0.5,0.5,-0.3333333333333333,2.0,0.002,0.02,-0.2140391456428648,0.9814148002834149,stable,4,refinement,-0.2274135372598317,-0.19615375596578533,nested,32768,40,student_t,3.0,dynamic,broad
1.5,-0.18284892228595126,-0.33408775237499194,-0.18284892228595126,-0.33408775237499194,,0.5,0.5,-0.3333333333333333,2.0,0.001,0.005,-0.2715034374536751,0.9561202707530656,stable,4,refinement,-0.32930881673704493,-0.20014155404217365,nested,32768,40,student_t,3.0,dynamic,extreme
1.5,-0.21836350039871694,-0.3034795788548327,-0.20775749030096863,-0.3034795788548327,,0.5,0.5,-0.3333333333333333,2.0,0.001,0.01,-0.2508151725526425,0.9779434895954994,stable,4,refinement,-0.2886865816167465,-0.217939259994807,nested,32768,40,student_t,3.0,dynamic,primary
1.5,-0.2002457417823891,-0.20784298447448282,-0.1998552423101418,-0.2083281006211402,,0.5,0.5,-0.3333333333333333,2.0,0.002,0.02,-0.2030027541708523,0.9813159062455439,stable,12,primary,-0.21103836769579182,-0.19642486350691493,block,65536,80,student_t,3.0,dynamic,broad
1.5,-0.2630144395262,-0.28320394682916816,-0.2628782694840982,-0.28530037326210234,,0.5,0.5,-0.3333333333333333,2.0,0.001,0.005,-0.2701079058081698,0.9839423657559967,stable,12,primary,-0.2906199033670187,-0.26093641046496285,block,65536,80,student_t,3.0,dynamic,extreme
1.5,-0.23920899377609095,-0.26446630666588267,-0.23885550752146173,-0.26567211149630815,,0.5,0.5,-0.3333333333333333,2.0,0.001,0.01,-0.24959367760891155,0.9881915830432464,stable,12,primary,-0.2684902860377502,-0.2384206398657251,block,65536,80,student_t,3.0,dynamic,primary
1.5,-0.2015209524959003,-0.20923955453585066,-0.20108631995726495,-0.2115044849595285,,0.5,0.5,-0.3333333333333333,2.0,0.002,0.02,-0.20365637631932063,0.9856486653723808,stable,12,primary,-0.21434100598980457,-0.19852432196260547,full,262144,80,student_t,3.0,dynamic,broad
1.5,-0.26681610564155755,-0.28328852427009243,-0.2665774882057099,-0.28726852176763507,,0.5,0.5,-0.3333333333333333,2.0,0.001,0.005,-0.2710844731675947,0.9955416672906934,stable,12,primary,-0.29320601016158143,-0.2655706883376205,full,262144,80,student_t,3.0,dynamic,extreme
1.5,-0.24577675266315033,-0.2635112085497802,-0.24386999910304058,-0.26697189674761523,,0.5,0.5,-0.3333333333333333,2.0,0.001,0.01,-0.2537799351816391,0.9939511482393575,stable,12,primary,-0.27279031160588113,-0.24119533679111357,full,262144,80,student_t,3.0,dynamic,primary
1.5,-0.20299186203386493,-0.2221369205786795,-0.19888481896730037,-0.2238660405753866,,0.5,0.5,-0.3333333333333333,2.0,0.002,0.02,-0.21131113732397483,0.9841238059546051,stable,12,primary,-0.22655038733271796,-0.19424598584381958,nested,131072,80,student_t,3.0,dynamic,broad
1.5,-0.2663612853657047,-0.30577967063881334,-0.2640481901224523,-0.30977252961673535,,0.5,0.5,-0.3333333333333333,2.0,0.001,0.005,-0.2823280452515563,0.9922385838546652,stable,12,primary,-0.316038335635413,-0.2611650016829557,nested,131072,80,student_t,3.0,dynamic,extreme
1.5,-0.24088797459741162,-0.2816929867602475,-0.2400967292728356,-0.2821511037815532,,0.5,0.5,-0.3333333333333333,2.0,0.001,0.01,-0.2671415236182222,0.9914354105604277,stable,12,primary,-0.2832869613790822,-0.2377146220840218,nested,131072,80,student_t,3.0,dynamic,primary
1.5,-0.19651406473194571,-0.23242188763254096,-0.19244737937967366,-0.2378015755169935,,0.5,0.5,-0.3333333333333333,2.0,0.002,0.02,-0.21385261131687747,0.9846182492977726,stable,12,primary,-0.24506574966198688,-0.1864328399868853,nested,65536,80,student_t,3.0,dynamic,broad
1.5,-0.2597589088993825,-0.3082733138314204,-0.25607479059055077,-0.3134878086974344,,0.5,0.5,-0.3333333333333333,2.0,0.001,0.005,-0.28350481846388775,0.9820906628093944,stable,12,primary,-0.3264361613337355,-0.23273162678018977,nested,65536,80,student_t,3.0,dynamic,extreme
1.5,-0.23622053632281856,-0.2880259675932386,-0.23142606839032606,-0.29374429919283573,,0.5,0.5,-0.3333333333333333,2.0,0.001,0.01,-0.2645186625773814,0.983040860420351,stable,12,primary,-0.30859840517777987,-0.22421763124938104,nested,65536,80,student_t,3.0,dynamic,primary
1.5,-0.22299309471229783,-0.24874380764337803,-0.20827085933781636,-0.24874380764337803,,0.5,0.5,-0.3333333333333333,2.0,0.002,0.02,-0.24004249740279524,0.9746481353395757,stable,4,refinement,-0.24568421903958593,-0.22240420529731858,block,16384,80,student_t,3.0,dynamic,broad
1.5,-0.23120231276227288,-0.31513731952530366,-0.23120231276227288,-0.3302832385704514,,0.5,0.5,-0.3333333333333333,2.0,0.001,0.005,-0.27793520325401866,0.9252858825657462,stable,4,refinement,-0.3157431562871095,-0.243047125529765,block,16384,80,student_t,3.0,dynamic,extreme
1.5,-0.25128495383699073,-0.31954772725723696,-0.25128495383699073,-0.31954772725723696,,0.5,0.5,-0.3333333333333333,2.0,0.001,0.01,-0.2703702824826568,0.9658563658790654,stable,4,refinement,-0.30327697629651706,-0.25311148905583186,block,16384,80,student_t,3.0,dynamic,primary
1.5,-0.21172819875775886,-0.2539820712134925,-0.19881832688537734,-0.2539820712134925,,0.5,0.5,-0.3333333333333333,2.0,0.002,0.02,-0.22977763173308535,0.9855115813050104,stable,4,refinement,-0.24483092959231062,-0.2112118038828636,full,65536,80,student_t,3.0,dynamic,broad
1.5,-0.2509083435352799,-0.30481792599567675,-0.2509083435352799,-0.30481792599567675,,0.5,0.5,-0.3333333333333333,2.0,0.001,0.005,-0.2805212126835173,0.9885237787647839,stable,4,refinement,-0.3047995585556519,-0.2534784657766222,full,65536,80,student_t,3.0,dynamic,extreme
1.5,-0.2500812922478233,-0.28373255404480147,-0.2500812922478233,-0.3000163903410907,,0.5,0.5,-0.3333333333333333,2.0,0.001,0.01,-0.26433367441580435,0.9957358534388596,stable,4,refinement,-0.284383907496653,-0.2554272148887545,full,65536,80,student_t,3.0,dynamic,primary
1.5,-0.17588336326912624,-0.25074468773318,-0.11667870543067686,-0.25665909144012544,,0.5,0.5,-0.3333333333333333,2.0,0.002,0.02,-0.23995915256690503,0.9555808127887568,stable,4,refinement,-0.2509812638814578,-0.17351517695558827,nested,16384,80,student_t,3.0,dynamic,broad
1.5,-0.16015016820293573,-0.3757342770587885,-0.16015016820293573,-0.3757342770587885,,0.5,0.5,-0.3333333333333333,2.0,0.001,0.005,-0.29634657522441155,0.9633094555457165,stable,4,refinement,-0.3467186345238694,-0.21643398922766227,nested,16384,80,student_t,3.0,dynamic,extreme
1.5,-0.2185425137203123,-0.31385990860779167,-0.1502745100226954,-0.32619399868513416,,0.5,0.5,-0.3333333333333333,2.0,0.001,0.01,-0.29416816797418915,0.9765821491526425,stable,4,refinement,-0.3143532722108853,-0.2158117935724076,nested,16384,80,student_t,3.0,dynamic,primary
1.5,-0.18270380755863375,-0.25575613407939485,-0.15235408650318885,-0.25575613407939485,,0.5,0.5,-0.3333333333333333,2.0,0.002,0.02,-0.22988807622492743,0.9795367065325201,stable,4,refinement,-0.2514200491624579,-0.18148981871641595,nested,32768,80,student_t,3.0,dynamic,broad
1.5,-0.24411553509177908,-0.3190694630875584,-0.24411553509177908,-0.3752946573650185,,0.5,0.5,-0.3333333333333333,2.0,0.001,0.005,-0.2621368880060832,0.9677481748174999,stable,4,refinement,-0.32131847085865683,-0.2524262417047178,nested,32768,80,student_t,3.0,dynamic,extreme
1.5,-0.22799623901789945,-0.29999071750831774,-0.22799623901789945,-0.3344804718700398,,0.5,0.5,-0.3333333333333333,2.0,0.001,0.01,-0.26088548376762205,0.9860784442262338,stable,4,refinement,-0.3013703076827866,-0.24156764639585895,nested,32768,80,student_t,3.0,dynamic,primary
1.5,0.4614653831378556,0.44936418877722023,0.46289818610732114,0.44936418877722023,,0.5,1.0,nan,2.0,0.002,0.02,0.4593130787365822,0.9978080875870062,vp,4,refinement,0.4537942952704462,0.46152269525663425,block,16384,160,student_t,1.5,dynamic,broad
1.5,0.520624776239834,0.5057923327922728,0.520624776239834,0.5057923327922728,,0.5,1.0,nan,2.0,0.001,0.005,0.5125675466710371,0.9991848160880145,vp,4,refinement,0.5075035335835757,0.5182982079173155,block,16384,160,student_t,1.5,dynamic,extreme
1.5,0.5030008709210543,0.4903217012063091,0.5041676254731046,0.4903217012063091,,0.5,1.0,nan,2.0,0.001,0.01,0.4990908493023949,0.9988427249257641,vp,4,refinement,0.49321412410045784,0.5030475411031363,block,16384,160,student_t,1.5,dynamic,primary
1.5,0.46507730948223613,0.45414180420059824,0.46507730948223613,0.45414180420059824,,0.5,1.0,nan,2.0,0.002,0.02,0.45737706184017757,0.9983183445423759,vp,4,refinement,0.45488684333275564,0.46218907514888874,full,65536,160,student_t,1.5,dynamic,broad
1.5,0.5220893838423815,0.494930181650201,0.5220893838423815,0.494930181650201,,0.5,1.0,nan,2.0,0.001,0.005,0.5094185088011975,0.9996441544116925,vp,4,refinement,0.49818159043492016,0.5197103520703724,full,65536,160,student_t,1.5,dynamic,extreme
1.5,0.5018916781506721,0.4879977635775685,0.5041612621517234,0.48704661834776947,,0.5,1.0,nan,2.0,0.001,0.01,0.49428550147849415,0.9992547980415998,vp,4,refinement,0.48795971776837654,0.5019824615107141,full,65536,160,student_t,1.5,dynamic,primary
1.5,0.4594995597323796,0.4440730741808038,0.4594995597323796,0.4440730741808038,,0.5,1.0,nan,2.0,0.002,0.02,0.45705589647896083,0.9983438296981253,vp,4,refinement,0.45029867397193585,0.45833275628272185,nested,16384,160,student_t,1.5,dynamic,broad
1.5,0.5284446481889266,0.5108653874908923,0.5284446481889266,0.5075366585514162,,0.5,1.0,nan,2.0,0.001,0.005,0.5142116305300181,0.9992704696978627,vp,4,refinement,0.5107322383333133,0.5216212064804823,nested,16384,160,student_t,1.5,dynamic,extreme
1.5,0.5055798415459558,0.4912215822142946,0.5055798415459558,0.4912215822142946,,0.5,1.0,nan,2.0,0.001,0.01,0.49582463098760565,0.9986287571527814,vp,4,refinement,0.49283957602695533,0.5014888100764764,nested,16384,160,student_t,1.5,dynamic,primary
1.5,0.4588816461797476,0.4483935348911102,0.4588816461797476,0.4478519145165161,,0.5,1.0,nan,2.0,0.002,0.02,0.4514061892552639,0.998068275260352,vp,4,refinement,0.4483718700761265,0.45647952317098395,nested,32768,160,student_t,1.5,dynamic,broad
1.5,0.5154594409234352,0.5038011751091396,0.5219406837325602,0.5038011751091396,,0.5,1.0,nan,2.0,0.001,0.005,0.5065985276110879,0.9993757101945009,vp,4,refinement,0.5040016624685281,0.5157186906358002,nested,32768,160,student_t,1.5,dynamic,extreme
1.5,0.49720627756967495,0.487509082759293,0.5002700131327986,0.487509082759293,,0.5,1.0,nan,2.0,0.001,0.01,0.4921451622666324,0.9991211484422936,vp,4,refinement,0.4887756586476549,0.4973288269921999,nested,32768,160,student_t,1.5,dynamic,primary
1.5,0.46505709588094846,0.4536635670590563,0.46979789488836093,0.4536635670590563,,0.5,1.0,nan,2.0,0.002,0.02,0.4598572012336191,0.9981535566555881,vp,4,refinement,0.4564161455556863,0.465246727841245,block,16384,40,student_t,1.5,dynamic,broad
1.5,0.5248738473925783,0.5026325032305126,0.5305415670293475,0.5001201225726162,,0.5,1.0,nan,2.0,0.001,0.005,0.5121755058221089,0.9988524658684936,vp,4,refinement,0.5025320080041967,0.525100556178049,block,16384,40,student_t,1.5,dynamic,extreme
1.5,0.50410528635926,0.49194132842395666,0.50410528635926,0.49194132842395666,,0.5,1.0,nan,2.0,0.001,0.01,0.49818422048676125,0.9988910824889502,vp,4,refinement,0.49217188597209177,0.5040292053824718,block,16384,40,student_t,1.5,dynamic,primary
1.5,0.4648577528846689,0.45603119385254576,0.4648577528846689,0.4549748585819562,,0.5,1.0,nan,2.0,0.002,0.02,0.4583155714158158,0.9984427758619745,vp,4,refinement,0.4559889404417222,0.462306966080106,full,65536,40,student_t,1.5,dynamic,broad
1.5,0.5217957886082255,0.49762702480736826,0.5217957886082255,0.495718156111036,,0.5,1.0,nan,2.0,0.001,0.005,0.5082869624176437,0.9995950226669545,vp,4,refinement,0.497550670059515,0.519512065115439,full,65536,40,student_t,1.5,dynamic,extreme
1.5,0.5040503644143407,0.48789511379250133,0.5040503644143407,0.4877987293851522,,0.5,1.0,nan,2.0,0.001,0.01,0.49361402648981534,0.9992768728573664,vp,4,refinement,0.48789125841620734,0.5017397357897516,full,65536,40,student_t,1.5,dynamic,primary
1.5,0.4741403207060613,0.45162164736085686,0.4741403207060613,0.45162164736085686,,0.5,1.0,nan,2.0,0.002,0.02,0.45899084378331323,0.9986408666529454,vp,4,refinement,0.4535311523815636,0.46849628104521457,nested,16384,40,student_t,1.5,dynamic,broad
1.5,0.5341057165308368,0.46956041446933394,0.5341057165308368,0.46956041446933394,,0.5,1.0,nan,2.0,0.001,0.005,0.5116548565215002,0.9988354667482588,vp,4,refinement,0.4865793155392185,0.5265157348415105,nested,16384,40,student_t,1.5,dynamic,extreme
1.5,0.5066542675987467,0.4834343440714552,0.5106008256746767,0.4660543664637593,,0.5,1.0,nan,2.0,0.001,0.01,0.5017610156009837,0.9993878063607542,vp,4,refinement,0.48273914496714737,0.5068121299217838,nested,16384,40,student_t,1.5,dynamic,primary
1.5,0.4742052250588145,0.44974179925937047,0.4742052250588145,0.44974179925937047,,0.5,1.0,nan,2.0,0.002,0.02,0.45947287566785583,0.9986354491450797,vp,4,refinement,0.45368311922375654,0.4678632940628412,nested,32768,40,student_t,1.5,dynamic,broad
1.5,0.5063930703393495,0.4949409961048886,0.509639598383195,0.4949409961048886,,0.5,1.0,nan,2.0,0.001,0.005,0.5005940471546074,0.9996093256285674,vp,4,refinement,0.4964292629411233,0.5065229314611033,nested,32768,40,student_t,1.5,dynamic,extreme
1.5,0.5009273453625542,0.483016597560074,0.5009273453625542,0.483016597560074,,0.5,1.0,nan,2.0,0.001,0.01,0.4883951639062825,0.999468266672602,vp,4,refinement,0.4851864718274001,0.4953237358423978,nested,32768,40,student_t,1.5,dynamic,primary
1.5,0.45603625198355674,0.45328856697129916,0.45617546171806933,0.45306426419017726,,0.5,1.0,nan,2.0,0.002,0.02,0.4546834864163292,0.9984899442781927,vp,12,primary,0.4525345966461352,0.45632471725372564,block,65536,80,student_t,1.5,dynamic,broad
1.5,0.5130792118641327,0.5039430590795844,0.5135566665886672,0.5031742047059897,,0.5,1.0,nan,2.0,0.001,0.005,0.5057638956581638,0.9993864383163855,vp,12,primary,0.5019211813653038,0.5141055754423579,block,65536,80,student_t,1.5,dynamic,extreme
1.5,0.4929145160673245,0.48919653808311936,0.4934336226436709,0.48888680322760475,,0.5,1.0,nan,2.0,0.001,0.01,0.4904518421050002,0.9990376943324628,vp,12,primary,0.4880149304106728,0.4941452674039459,block,65536,80,student_t,1.5,dynamic,primary
1.5,0.45569976973873616,0.4531052370067154,0.4558444915896831,0.45283277856883,,0.5,1.0,nan,2.0,0.002,0.02,0.45402013446889966,0.9985566469219593,vp,12,primary,0.4524714498970162,0.4573267240862162,full,262144,80,student_t,1.5,dynamic,broad
1.5,0.5113576210061909,0.5017080337026429,0.5114632669720396,0.5016876304885225,,0.5,1.0,nan,2.0,0.001,0.005,0.5061332464869476,0.9996867115890301,vp,12,primary,0.5009637266555298,0.5115998853628031,full,262144,80,student_t,1.5,dynamic,extreme
1.5,0.49256386211857967,0.48868275437722963,0.4932850380062134,0.4881186463769135,,0.5,1.0,nan,2.0,0.001,0.01,0.4902894251063466,0.9991988035866173,vp,12,primary,0.4865630858701393,0.4940480707236922,full,262144,80,student_t,1.5,dynamic,primary
1.5,0.456551814514928,0.4516625530689258,0.45797827601675095,0.45126227174344835,,0.5,1.0,nan,2.0,0.002,0.02,0.45408143509146887,0.9984022156002981,vp,12,primary,0.45002091090326996,0.46025215914417594,nested,131072,80,student_t,1.5,dynamic,broad
1.5,0.5112768492075808,0.5015390976480701,0.512664307938214,0.49951456302691366,,0.5,1.0,nan,2.0,0.001,0.005,0.5055285215872853,0.9996213273895865,vp,12,primary,0.49596031948106944,0.5143787720993878,nested,131072,80,student_t,1.5,dynamic,extreme
1.5,0.49368000168774806,0.4872260092638957,0.49440906952750574,0.48565542626686764,,0.5,1.0,nan,2.0,0.001,0.01,0.49235490804802257,0.9993461235027554,vp,12,primary,0.48397646411684353,0.495931255640456,nested,131072,80,student_t,1.5,dynamic,primary
1.5,0.45789233638651033,0.4499843521268272,0.4586581066829918,0.44747270951525187,,0.5,1.0,nan,2.0,0.002,0.02,0.45589845242233734,0.9980179577591266,vp,12,primary,0.44374092293872663,0.4598643274303233,nested,65536,80,student_t,1.5,dynamic,broad
1.5,0.5148053065843743,0.5009374727382344,0.5155937621574527,0.500094414575489,,0.5,1.0,nan,2.0,0.001,0.005,0.5106202026531699,0.9994444765308197,vp,12,primary,0.4974066388378729,0.5168912405237649,nested,65536,80,student_t,1.5,dynamic,extreme
1.5,0.4954990804155994,0.4855390987006308,0.4961491460526241,0.4854083551188167,,0.5,1.0,nan,2.0,0.001,0.01,0.49293628749258656,0.9988110556698397,vp,12,primary,0.4845555172270647,0.4974630168159281,nested,65536,80,student_t,1.5,dynamic,primary
1.5,0.4655610798472207,0.45563218056462684,0.4693700684471538,0.45563218056462684,,0.5,1.0,nan,2.0,0.002,0.02,0.45919749508313823,0.9981143068235828,vp,4,refinement,0.4561173253747206,0.465713439391218,block,16384,80,student_t,1.5,dynamic,broad
1.5,0.5185253846915875,0.49925106279614234,0.5219395039986521,0.49599089052405165,,0.5,1.0,nan,2.0,0.001,0.005,0.508811250226378,0.9983429295007404,vp,4,refinement,0.4991206559052587,0.5186619494638701,block,16384,80,student_t,1.5,dynamic,extreme
1.5,0.5062756470936607,0.4910284460907577,0.5062756470936607,0.4910284460907577,,0.5,1.0,nan,2.0,0.001,0.01,0.49800507683103995,0.9982520990828646,vp,4,refinement,0.4925106864363038,0.5041723157773921,block,16384,80,student_t,1.5,dynamic,primary
1.5,0.46471141177277697,0.4553885532309391,0.46471141177277697,0.4544541849626242,,0.5,1.0,nan,2.0,0.002,0.02,0.45767687593349055,0.9983960105509989,vp,4,refinement,0.45535117850020645,0.46198473269835305,full,65536,80,student_t,1.5,dynamic,broad
1.5,0.5222451365236651,0.4953663078160325,0.5222451365236651,0.4953663078160325,,0.5,1.0,nan,2.0,0.001,0.005,0.5088118631887459,0.9996222461147019,vp,4,refinement,0.4980076153589898,0.519609724358849,full,65536,80,student_t,1.5,dynamic,extreme
1.5,0.5032437588009995,0.488037609666382,0.5032437588009995,0.4875029353503865,,0.5,1.0,nan,2.0,0.001,0.01,0.49402336934239155,0.9992232627296347,vp,4,refinement,0.4880162226937422,0.5014344928336744,full,65536,80,student_t,1.5,dynamic,primary
1.5,0.48309283238481815,0.4482119813415004,0.48309283238481815,0.4468478371077796,,0.5,1.0,nan,2.0,0.002,0.02,0.4566365726992497,0.9982261872550058,vp,4,refinement,0.4481574155721516,0.4737828423552789,nested,16384,80,student_t,1.5,dynamic,broad
1.5,0.5247489778277976,0.487814376728202,0.5292743955350652,0.487814376728202,,0.5,1.0,nan,2.0,0.001,0.005,0.5046587652349998,0.997530963683174,vp,4,refinement,0.48842858166641034,0.5249299945360884,nested,16384,80,student_t,1.5,dynamic,extreme
1.5,0.5020868846247233,0.480254153061591,0.5066165409798907,0.480254153061591,,0.5,1.0,nan,2.0,0.001,0.01,0.49455150344955684,0.9981147418298,vp,4,refinement,0.4856741333342151,0.50226807087893,nested,16384,80,student_t,1.5,dynamic,primary
1.5,0.46857969670738425,0.4512918310122897,0.46857969670738425,0.4512918310122897,,0.5,1.0,nan,2.0,0.002,0.02,0.4549719769934941,0.9985463360411437,vp,4,refinement,0.4522423482743206,0.4628639440536642,nested,32768,80,student_t,1.5,dynamic,broad
1.5,0.5267675108541363,0.4803840613224542,0.5267675108541363,0.4676101053308267,,0.5,1.0,nan,2.0,0.001,0.005,0.5077240851338256,0.9992021921381519,vp,4,refinement,0.4798731030827891,0.5246183790618643,nested,32768,80,student_t,1.5,dynamic,extreme
1.5,0.5107549932494063,0.47124783707599677,0.5107549932494063,0.47124783707599677,,0.5,1.0,nan,2.0,0.001,0.01,0.49056455290196854,0.9992772261889113,vp,4,refinement,0.4775607442030493,0.5040226983520502,nested,32768,80,student_t,1.5,dynamic,primary
