alpha_theory,control_distribution,epsilon,eta,expected,horizon,model,n_seeds,pooled_exceedances,pooled_ratio,pooled_sum,purpose,qualifying_seeds,reason,sample_kind,sample_size,seed_median,seed_q16,seed_q84,steps,target,target_nu,task_kind,threshold,threshold_fraction,valid
1.5,gaussian,0.5,1.0,0.0,2.0,gaussian,12,9297,0.09769873196972442,2695.6115260600986,control,12,,block,65536,0.1014060614271212,0.09346310919891994,0.10681349929501141,0,direct_control,0.0,control,2.9677379253417717,0.003,True
1.5,gaussian,0.5,1.0,0.0,2.0,gaussian,12,18835,0.10995669639904115,5690.749708846823,control,12,,block,65536,0.10985158864255254,0.10675816806077916,0.11101821598082764,0,direct_control,0.0,control,2.7477813854449926,0.006,True
1.5,gaussian,0.5,1.0,0.0,2.0,gaussian,12,37589,0.1283173404683454,12116.877263159247,control,12,,block,65536,0.12798027131194817,0.12636084946841553,0.1304955649563954,0,direct_control,0.0,control,2.5121443279304616,0.012,True
1.5,gaussian,0.5,1.0,0.0,2.0,gaussian,12,9297,0.09769873196972442,2695.6115260600986,control,12,,full,262144,0.09793762930705396,0.09499083206085529,0.10012757889889319,0,direct_control,0.0,control,2.9677379253417717,0.003,True
1.5,gaussian,0.5,1.0,0.0,2.0,gaussian,12,18835,0.10995669639904117,5690.749708846822,control,12,,full,262144,0.10988408471418967,0.10847523371203437,0.11154055538291692,0,direct_control,0.0,control,2.7477813854449926,0.006,True
1.5,gaussian,0.5,1.0,0.0,2.0,gaussian,12,37589,0.1283173404683454,12116.877263159247,control,12,,full,262144,0.12863951899604353,0.12625693883143382,0.13021234587603098,0,direct_control,0.0,control,2.5121443279304616,0.012,True
1.5,gaussian,0.5,1.0,0.0,2.0,gaussian,12,4577,0.09758874922984456,1325.580817869906,control,12,,nested,131072,0.09836708743269712,0.09158443003099381,0.10157189706089059,0,direct_control,0.0,control,2.9677379253417717,0.003,True
1.5,gaussian,0.5,1.0,0.0,2.0,gaussian,12,9427,0.10858546187426472,2812.7256081531223,control,12,,nested,131072,0.10893025708833873,0.10507893163335554,0.11167559100251989,0,direct_control,0.0,control,2.7477813854449926,0.006,True
1.5,gaussian,0.5,1.0,0.0,2.0,gaussian,12,18786,0.12764253761973637,6023.852574744163,control,12,,nested,131072,0.12727174019671655,0.12500830528145593,0.13032226005630265,0,direct_control,0.0,control,2.5121443279304616,0.012,True
1.5,gaussian,0.5,1.0,0.0,2.0,gaussian,12,2348,nan,680.5846184508047,control,5,"requires >=2400 pooled, >=8 seeds with >=200 exceedances",nested,65536,0.09796521231257281,0.09475232565079826,0.10832414562999496,0,direct_control,0.0,control,2.9677379253417717,0.003,False
1.5,gaussian,0.5,1.0,0.0,2.0,gaussian,12,4797,0.10916609019560687,1438.9299490425446,control,12,,nested,65536,0.10925287617726398,0.10422136907812427,0.11286536687466175,0,direct_control,0.0,control,2.7477813854449926,0.006,True
1.5,gaussian,0.5,1.0,0.0,2.0,gaussian,12,9545,0.12792767248780326,3067.503154800168,control,12,,nested,65536,0.12703303933222243,0.123510928094198,0.13189070866751784,0,direct_control,0.0,control,2.5121443279304616,0.012,True
1.5,pareto,0.5,1.0,2.0,2.0,pareto,12,9325,1.8913064427691546,847871.2436187377,control,12,,block,65536,1.5774708831378805,1.3751193142688076,1.8811420174846814,0,direct_control,0.0,control,48.0749856769136,0.003,True
1.5,pareto,0.5,1.0,2.0,2.0,pareto,12,18693,1.909788748886997,1081177.094222644,control,12,,block,65536,1.723523531598362,1.6286175047919331,1.93553903403055,0,direct_control,0.0,control,30.285343213868988,0.006,True
1.5,pareto,0.5,1.0,2.0,2.0,pareto,12,37565,1.921023362462251,1376771.5267587062,control,12,,block,65536,1.7809041317853835,1.6838981565281381,1.9664939245863717,0,direct_control,0.0,control,19.078570709222195,0.012,True
1.5,pareto,0.5,1.0,2.0,2.0,pareto,12,9325,1.8913064427691544,847871.2436187378,control,12,,full,262144,1.7514927799920406,1.568968001567666,2.0561295434504534,0,direct_control,0.0,control,48.0749856769136,0.003,True
1.5,pareto,0.5,1.0,2.0,2.0,pareto,12,18693,1.909788748886997,1081177.094222644,control,12,,full,262144,1.8016104019061667,1.6664868810960998,2.0218946593416924,0,direct_control,0.0,control,30.285343213868988,0.006,True
1.5,pareto,0.5,1.0,2.0,2.0,pareto,12,37565,1.921023362462251,1376771.5267587062,control,12,,full,262144,1.8545433242604146,1.679353064020346,2.0111820304375874,0,direct_control,0.0,control,19.078570709222195,0.012,True
1.5,pareto,0.5,1.0,2.0,2.0,pareto,12,4670,1.9483689971929492,437428.68032794783,control,12,,nested,131072,1.7550513279806752,1.4999621390698579,2.014169018954745,0,direct_control,0.0,control,48.0749856769136,0.003,True
1.5,pareto,0.5,1.0,2.0,2.0,pareto,12,9358,1.9566335329080946,554529.9826664436,control,12,,nested,131072,1.7985372153352195,1.5863092643196475,2.0472273009166617,0,direct_control,0.0,control,30.285343213868988,0.006,True
1.5,pareto,0.5,1.0,2.0,2.0,pareto,12,18734,1.9645549544928615,702167.1920548079,control,12,,nested,131072,1.8551432671181436,1.653402835239139,2.0277571823617793,0,direct_control,0.0,control,19.078570709222195,0.012,True
1.5,pareto,0.5,1.0,2.0,2.0,pareto,12,2398,nan,190612.36776450573,control,6,"requires >=2400 pooled, >=8 seeds with >=200 exceedances",nested,65536,1.6394910240382838,1.5721956214074226,1.908107794128098,0,direct_control,0.0,control,48.0749856769136,0.003,False
1.5,pareto,0.5,1.0,2.0,2.0,pareto,12,4713,1.750551175259294,249864.61139502656,control,12,,nested,65536,1.7547182442126572,1.606177726187541,1.9206115098341958,0,direct_control,0.0,control,30.285343213868988,0.006,True
1.5,pareto,0.5,1.0,2.0,2.0,pareto,12,9416,1.803638315969111,324012.4802220651,control,12,,nested,65536,1.801682780449,1.6559061541536106,1.9195483979586927,0,direct_control,0.0,control,19.078570709222195,0.012,True
1.5,sas,0.5,1.0,2.0,2.0,sas,12,9339,1.9352551205022934,474619.291208932,control,12,,block,65536,1.7719414210686368,1.3717178851329146,2.2951291096425024,0,direct_control,0.0,control,26.2607294725529,0.003,True
1.5,sas,0.5,1.0,2.0,2.0,sas,12,18820,1.9150437884488896,600913.8830656362,control,12,,block,65536,1.7672466352892404,1.645221205623368,2.1223135471621544,0,direct_control,0.0,control,16.67300613103916,0.006,True
1.5,sas,0.5,1.0,2.0,2.0,sas,12,37828,1.88454016757552,760274.7887892977,control,12,,block,65536,1.7594454358187104,1.6722780417534713,2.0302846914629664,0,direct_control,0.0,control,10.66477777401839,0.012,True
1.5,sas,0.5,1.0,2.0,2.0,sas,12,9339,1.9352551205022934,474619.291208932,control,12,,full,262144,1.9452810529707985,1.6197998032121648,2.309574823619365,0,direct_control,0.0,control,26.2607294725529,0.003,True
1.5,sas,0.5,1.0,2.0,2.0,sas,12,18820,1.9150437884488896,600913.883065636,control,12,,full,262144,1.9040630463979178,1.6347291652811022,2.2089861334022625,0,direct_control,0.0,control,16.67300613103916,0.006,True
1.5,sas,0.5,1.0,2.0,2.0,sas,12,37828,1.88454016757552,760274.7887892977,control,12,,full,262144,1.8565132515276304,1.7131886392292897,2.074327515639125,0,direct_control,0.0,control,10.66477777401839,0.012,True
1.5,sas,0.5,1.0,2.0,2.0,sas,12,4659,1.9106637754852,233767.30284344804,control,12,,nested,131072,1.7378826622332024,1.5587455539448125,2.2277067175825844,0,direct_control,0.0,control,26.2607294725529,0.003,True
1.5,sas,0.5,1.0,2.0,2.0,sas,12,9518,1.8735175231018022,297315.37596290075,control,12,,nested,131072,1.7883377557787838,1.5648108641737781,2.127670818802733,0,direct_control,0.0,control,16.67300613103916,0.006,True
1.5,sas,0.5,1.0,2.0,2.0,sas,12,19137,1.8525575548265512,378091.9027853823,control,12,,nested,131072,1.7701242573712364,1.6088101281075964,2.001488982660911,0,direct_control,0.0,control,10.66477777401839,0.012,True
1.5,sas,0.5,1.0,2.0,2.0,sas,12,2242,nan,119684.59916439618,control,1,"requires >=2400 pooled, >=8 seeds with >=200 exceedances",nested,65536,3.343994877218071,3.343994877218071,3.343994877218071,0,direct_control,0.0,control,26.2607294725529,0.003,False
1.5,sas,0.5,1.0,2.0,2.0,sas,12,4649,1.9422540314668508,150549.5589788981,control,12,,nested,65536,1.7527996704628073,1.5137055828672097,2.2831713490075325,0,direct_control,0.0,control,16.67300613103916,0.006,True
1.5,sas,0.5,1.0,2.0,2.0,sas,12,9473,1.8836994702792524,190305.3349352854,control,12,,nested,65536,1.784750573331416,1.518393326883487,2.1063665413336583,0,direct_control,0.0,control,10.66477777401839,0.012,True
1.5,,0.5,0.5,2.0,2.0,stable,4,358,nan,70864.95565429074,refinement,0,"requires >=2400 pooled, >=8 seeds with >=200 exceedances",block,16384,nan,nan,nan,160,student_t,1.2,dynamic,88.35696353293332,0.003,False
1.5,,0.5,0.5,2.0,2.0,stable,4,630,nan,86145.46948684136,refinement,0,"requires >=2400 pooled, >=8 seeds with >=200 exceedances",block,16384,nan,nan,nan,160,student_t,1.2,dynamic,56.098068267461116,0.006,False
1.5,,0.5,0.5,2.0,2.0,stable,4,1163,nan,103212.54905866917,refinement,4,"requires >=2400 pooled, >=8 seeds with >=200 exceedances",block,16384,nan,nan,nan,160,student_t,1.2,dynamic,35.88275724978083,0.012,False
1.5,,0.5,0.5,2.0,2.0,stable,4,358,nan,70864.95565429074,refinement,0,"requires >=2400 pooled, >=8 seeds with >=200 exceedances",full,65536,nan,nan,nan,160,student_t,1.2,dynamic,88.35696353293332,0.003,False
1.5,,0.5,0.5,2.0,2.0,stable,4,630,nan,86145.46948684136,refinement,0,"requires >=2400 pooled, >=8 seeds with >=200 exceedances",full,65536,nan,nan,nan,160,student_t,1.2,dynamic,56.098068267461116,0.006,False
1.5,,0.5,0.5,2.0,2.0,stable,4,1163,nan,103212.54905866917,refinement,4,"requires >=2400 pooled, >=8 seeds with >=200 exceedances",full,65536,2.560563386659881,2.172026281762268,2.7748737969821113,160,student_t,1.2,dynamic,35.88275724978083,0.012,False
1.5,,0.5,0.5,2.0,2.0,stable,4,87,nan,11726.38652844819,refinement,0,"requires >=2400 pooled, >=8 seeds with >=200 exceedances",nested,16384,nan,nan,nan,160,student_t,1.2,dynamic,88.35696353293332,0.003,False
1.5,,0.5,0.5,2.0,2.0,stable,4,152,nan,15329.805061076815,refinement,0,"requires >=2400 pooled, >=8 seeds with >=200 exceedances",nested,16384,nan,nan,nan,160,student_t,1.2,dynamic,56.098068267461116,0.006,False
1.5,,0.5,0.5,2.0,2.0,stable,4,289,nan,19556.059150469737,refinement,0,"requires >=2400 pooled, >=8 seeds with >=200 exceedances",nested,16384,nan,nan,nan,160,student_t,1.2,dynamic,35.88275724978083,0.012,False
1.5,,0.5,0.5,2.0,2.0,stable,4,167,nan,28905.206941207387,refinement,0,"requires >=2400 pooled, >=8 seeds with >=200 exceedances",nested,32768,nan,nan,nan,160,student_t,1.2,dynamic,88.35696353293332,0.003,False
1.5,,0.5,0.5,2.0,2.0,stable,4,295,nan,36021.42319858971,refinement,0,"requires >=2400 pooled, >=8 seeds with >=200 exceedances",nested,32768,nan,nan,nan,160,student_t,1.2,dynamic,56.098068267461116,0.006,False
1.5,,0.5,0.5,2.0,2.0,stable,4,580,nan,44400.35459887536,refinement,0,"requires >=2400 pooled, >=8 seeds with >=200 exceedances",nested,32768,nan,nan,nan,160,student_t,1.2,dynamic,35.88275724978083,0.012,False
1.5,,0.5,0.5,2.0,2.0,stable,4,360,nan,70263.51445569785,refinement,0,"requires >=2400 pooled, >=8 seeds with >=200 exceedances",block,16384,nan,nan,nan,40,student_t,1.2,dynamic,86.94514662498288,0.003,False
1.5,,0.5,0.5,2.0,2.0,stable,4,633,nan,85417.15415029171,refinement,0,"requires >=2400 pooled, >=8 seeds with >=200 exceedances",block,16384,nan,nan,nan,40,student_t,1.2,dynamic,55.20170200365396,0.006,False
1.5,,0.5,0.5,2.0,2.0,stable,4,1171,nan,102380.36015230867,refinement,4,"requires >=2400 pooled, >=8 seeds with >=200 exceedances",block,16384,nan,nan,nan,40,student_t,1.2,dynamic,35.30940251503783,0.012,False
1.5,,0.5,0.5,2.0,2.0,stable,4,360,nan,70263.51445569785,refinement,0,"requires >=2400 pooled, >=8 seeds with >=200 exceedances",full,65536,nan,nan,nan,40,student_t,1.2,dynamic,86.94514662498288,0.003,False
1.5,,0.5,0.5,2.0,2.0,stable,4,633,nan,85417.15415029171,refinement,0,"requires >=2400 pooled, >=8 seeds with >=200 exceedances",full,65536,nan,nan,nan,40,student_t,1.2,dynamic,55.20170200365396,0.006,False
1.5,,0.5,0.5,2.0,2.0,stable,4,1171,nan,102380.36015230865,refinement,4,"requires >=2400 pooled, >=8 seeds with >=200 exceedances",full,65536,2.5627935078339483,2.17888868998717,2.7721116789052234,40,student_t,1.2,dynamic,35.30940251503783,0.012,False
1.5,,0.5,0.5,2.0,2.0,stable,4,104,nan,18808.683912172502,refinement,0,"requires >=2400 pooled, >=8 seeds with >=200 exceedances",nested,16384,nan,nan,nan,40,student_t,1.2,dynamic,86.94514662498288,0.003,False
1.5,,0.5,0.5,2.0,2.0,stable,4,179,nan,23051.895137651656,refinement,0,"requires >=2400 pooled, >=8 seeds with >=200 exceedances",nested,16384,nan,nan,nan,40,student_t,1.2,dynamic,55.20170200365396,0.006,False
1.5,,0.5,0.5,2.0,2.0,stable,4,295,nan,27572.938720499096,refinement,0,"requires >=2400 pooled, >=8 seeds with >=200 exceedances",nested,16384,nan,nan,nan,40,student_t,1.2,dynamic,35.30940251503783,0.012,False
1.5,,0.5,0.5,2.0,2.0,stable,4,187,nan,31879.44850034133,refinement,0,"requires >=2400 pooled, >=8 seeds with >=200 exceedances",nested,32768,nan,nan,nan,40,student_t,1.2,dynamic,86.94514662498288,0.003,False
1.5,,0.5,0.5,2.0,2.0,stable,4,332,nan,39687.14062324655,refinement,0,"requires >=2400 pooled, >=8 seeds with >=200 exceedances",nested,32768,nan,nan,nan,40,student_t,1.2,dynamic,55.20170200365396,0.006,False
1.5,,0.5,0.5,2.0,2.0,stable,4,605,nan,48495.228778022945,refinement,0,"requires >=2400 pooled, >=8 seeds with >=200 exceedances",nested,32768,nan,nan,nan,40,student_t,1.2,dynamic,35.30940251503783,0.012,False
1.5,,0.5,0.5,2.0,2.0,stable,12,4239,2.523889242901425,940199.6447436308,primary,12,,block,65536,nan,nan,nan,80,student_t,1.2,dynamic,87.87925642509406,0.003,True
1.5,,0.5,0.5,2.0,2.0,stable,12,7950,2.5345925303140677,1124265.223326996,primary,12,,block,65536,nan,nan,nan,80,student_t,1.2,dynamic,55.79477076972139,0.006,True
1.5,,0.5,0.5,2.0,2.0,stable,12,14606,2.5702725141483027,1339805.839796782,primary,12,,block,65536,2.392626710616625,2.1886704581973357,2.687925092884406,80,student_t,1.2,dynamic,35.68875501722672,0.012,True
1.5,,0.5,0.5,2.0,2.0,stable,12,4239,2.523889242901425,940199.6447436308,primary,12,,full,262144,2.411016797511759,2.1032367767499403,2.6967542123929937,80,student_t,1.2,dynamic,87.87925642509406,0.003,True
1.5,,0.5,0.5,2.0,2.0,stable,12,7950,2.5345925303140673,1124265.223326996,primary,12,,full,262144,2.436249649556845,2.218757431735177,2.697214985139262,80,student_t,1.2,dynamic,55.79477076972139,0.006,True
1.5,,0.5,0.5,2.0,2.0,stable,12,14606,2.5702725141483027,1339805.839796782,primary,12,,full,262144,2.466215692624192,2.2748096434308263,2.761086140827438,80,student_t,1.2,dynamic,35.68875501722672,0.012,True
1.5,,0.5,0.5,2.0,2.0,stable,12,2109,nan,456137.7428964027,primary,1,"requires >=2400 pooled, >=8 seeds with >=200 exceedances",nested,131072,2.9660008343907855,2.9660008343907855,2.9660008343907855,80,student_t,1.2,dynamic,87.87925642509406,0.003,False
1.5,,0.5,0.5,2.0,2.0,stable,12,3987,2.461173924875598,547497.3715968808,primary,12,,nested,131072,2.5600635696007004,1.9229335940975696,2.968176804488986,80,student_t,1.2,dynamic,55.79477076972139,0.006,True
1.5,,0.5,0.5,2.0,2.0,stable,12,7327,2.5057969343616295,655244.6191361148,primary,12,,nested,131072,2.551583286869808,2.070261663228557,3.0071624674048727,80,student_t,1.2,dynamic,35.68875501722672,0.012,True
1.5,,0.5,0.5,2.0,2.0,stable,12,1060,nan,224198.30767661083,primary,0,"requires >=2400 pooled, >=8 seeds with >=200 exceedances",nested,65536,nan,nan,nan,80,student_t,1.2,dynamic,87.87925642509406,0.003,False
1.5,,0.5,0.5,2.0,2.0,stable,12,2013,nan,270458.952151811,primary,0,"requires >=2400 pooled, >=8 seeds with >=200 exceedances",nested,65536,nan,nan,nan,80,student_t,1.2,dynamic,55.79477076972139,0.006,False
1.5,,0.5,0.5,2.0,2.0,stable,12,3676,2.4743373022531383,324612.92146991985,primary,12,,nested,65536,2.3918162352264547,1.996766461606108,3.0494744033155543,80,student_t,1.2,dynamic,35.68875501722672,0.012,True
1.5,,0.5,0.5,2.0,2.0,stable,4,358,nan,70667.07325545924,refinement,0,"requires >=2400 pooled, >=8 seeds with >=200 exceedances",block,16384,nan,nan,nan,80,student_t,1.2,dynamic,87.87925642509406,0.003,False
1.5,,0.5,0.5,2.0,2.0,stable,4,632,nan,85906.48065099976,refinement,0,"requires >=2400 pooled, >=8 seeds with >=200 exceedances",block,16384,nan,nan,nan,80,student_t,1.2,dynamic,55.79477076972139,0.006,False
1.5,,0.5,0.5,2.0,2.0,stable,4,1166,nan,102936.59550962829,refinement,4,"requires >=2400 pooled, >=8 seeds with >=200 exceedances",block,16384,nan,nan,nan,80,student_t,1.2,dynamic,35.68875501722672,0.012,False
1.5,,0.5,0.5,2.0,2.0,stable,4,358,nan,70667.07325545923,refinement,0,"requires >=2400 pooled, >=8 seeds with >=200 exceedances",full,65536,nan,nan,nan,80,student_t,1.2,dynamic,87.87925642509406,0.003,False
1.5,,0.5,0.5,2.0,2.0,stable,4,632,nan,85906.48065099974,refinement,0,"requires >=2400 pooled, >=8 seeds with >=200 exceedances",full,65536,nan,nan,nan,80,student_t,1.2,dynamic,55.79477076972139,0.006,False
1.5,,0.5,0.5,2.0,2.0,stable,4,1166,nan,102936.59550962829,refinement,4,"requires >=2400 pooled, >=8 seeds with >=200 exceedances",full,65536,2.5533632360731384,2.178015158537856,2.7685219795843685,80,student_t,1.2,dynamic,35.68875501722672,0.012,False
1.5,,0.5,0.5,2.0,2.0,stable,4,95,nan,17419.61507698772,refinement,0,"requires >=2400 pooled, >=8 seeds with >=200 exceedances",nested,16384,nan,nan,nan,80,student_t,1.2,dynamic,87.87925642509406,0.003,False
1.5,,0.5,0.5,2.0,2.0,stable,4,160,nan,21254.75712328269,refinement,0,"requires >=2400 pooled, >=8 seeds with >=200 exceedances",nested,16384,nan,nan,nan,80,student_t,1.2,dynamic,55.79477076972139,0.006,False
1.5,,0.5,0.5,2.0,2.0,stable,4,292,nan,25493.051674925944,refinement,0,"requires >=2400 pooled, >=8 seeds with >=200 exceedances",nested,16384,nan,nan,nan,80,student_t,1.2,dynamic,35.68875501722672,0.012,False
1.5,,0.5,0.5,2.0,2.0,stable,4,196,nan,34184.73849576858,refinement,0,"requires >=2400 pooled, >=8 seeds with >=200 exceedances",nested,32768,nan,nan,nan,80,student_t,1.2,dynamic,87.87925642509406,0.003,False
1.5,,0.5,0.5,2.0,2.0,stable,4,337,nan,42349.592331518914,refinement,0,"requires >=2400 pooled, >=8 seeds with >=200 exceedances",nested,32768,nan,nan,nan,80,student_t,1.2,dynamic,55.79477076972139,0.006,False
1.5,,0.5,0.5,2.0,2.0,stable,4,611,nan,51368.5147172969,refinement,0,"requires >=2400 pooled, >=8 seeds with >=200 exceedances",nested,32768,nan,nan,nan,80,student_t,1.2,dynamic,35.68875501722672,0.012,False
1.5,,0.5,0.5,2.0,2.0,stable,4,833,nan,51404.077266299435,refinement,3,"requires >=2400 pooled, >=8 seeds with >=200 exceedances",block,16384,nan,nan,nan,160,student_t,1.5,dynamic,33.57391494819586,0.003,False
1.5,,0.5,0.5,2.0,2.0,stable,4,1620,nan,65344.772955807646,refinement,4,"requires >=2400 pooled, >=8 seeds with >=200 exceedances",block,16384,nan,nan,nan,160,student_t,1.5,dynamic,21.31616680181424,0.006,False
1.5,,0.5,0.5,2.0,2.0,stable,4,3081,nan,82388.71329053183,refinement,4,"requires >=2400 pooled, >=8 seeds with >=200 exceedances",block,16384,1.6608885352682106,1.4122443201709731,2.099094282430332,160,student_t,1.5,dynamic,13.63474469742119,0.012,False
1.5,,0.5,0.5,2.0,2.0,stable,4,833,nan,51404.077266299435,refinement,3,"requires >=2400 pooled, >=8 seeds with >=200 exceedances",full,65536,1.9402987024310874,1.9165057004205148,2.010758278682315,160,student_t,1.5,dynamic,33.57391494819586,0.003,False
1.5,,0.5,0.5,2.0,2.0,stable,4,1620,nan,65344.772955807646,refinement,4,"requires >=2400 pooled, >=8 seeds with >=200 exceedances",full,65536,1.9640435354072299,1.6931676716143693,2.0802748733828658,160,student_t,1.5,dynamic,21.31616680181424,0.006,False
1.5,,0.5,0.5,2.0,2.0,stable,4,3081,nan,82388.71329053183,refinement,4,"requires >=2400 pooled, >=8 seeds with >=200 exceedances",full,65536,1.981505868005754,1.7879642451912516,2.1291770593998596,160,student_t,1.5,dynamic,13.63474469742119,0.012,False
1.5,,0.5,0.5,2.0,2.0,stable,4,206,nan,12103.28984184926,refinement,0,"requires >=2400 pooled, >=8 seeds with >=200 exceedances",nested,16384,nan,nan,nan,160,student_t,1.5,dynamic,33.57391494819586,0.003,False
1.5,,0.5,0.5,2.0,2.0,stable,4,395,nan,15475.167898088741,refinement,0,"requires >=2400 pooled, >=8 seeds with >=200 exceedances",nested,16384,nan,nan,nan,160,student_t,1.5,dynamic,21.31616680181424,0.006,False
1.5,,0.5,0.5,2.0,2.0,stable,4,759,nan,19640.234782821368,refinement,2,"requires >=2400 pooled, >=8 seeds with >=200 exceedances",nested,16384,1.843159239176753,1.5090193421097684,2.1772991362437377,160,student_t,1.5,dynamic,13.63474469742119,0.012,False
1.5,,0.5,0.5,2.0,2.0,stable,4,413,nan,23535.451884792365,refinement,0,"requires >=2400 pooled, >=8 seeds with >=200 exceedances",nested,32768,nan,nan,nan,160,student_t,1.5,dynamic,33.57391494819586,0.003,False
1.5,,0.5,0.5,2.0,2.0,stable,4,790,nan,30406.171005465563,refinement,2,"requires >=2400 pooled, >=8 seeds with >=200 exceedances",nested,32768,1.9207568623629483,1.9127625337166034,1.9287511910092932,160,student_t,1.5,dynamic,21.31616680181424,0.006,False
1.5,,0.5,0.5,2.0,2.0,stable,4,1536,nan,38839.621456712004,refinement,4,"requires >=2400 pooled, >=8 seeds with >=200 exceedances",nested,32768,1.9031276157765684,1.6741114074619334,2.033861545596695,160,student_t,1.5,dynamic,13.63474469742119,0.012,False
1.5,,0.5,0.5,2.0,2.0,stable,4,833,nan,51217.197519147696,refinement,3,"requires >=2400 pooled, >=8 seeds with >=200 exceedances",block,16384,nan,nan,nan,40,student_t,1.5,dynamic,33.44686834537099,0.003,False
1.5,,0.5,0.5,2.0,2.0,stable,4,1616,nan,65109.26520598604,refinement,4,"requires >=2400 pooled, >=8 seeds with >=200 exceedances",block,16384,nan,nan,nan,40,student_t,1.5,dynamic,21.235504579919724,0.006,False
1.5,,0.5,0.5,2.0,2.0,stable,4,3084,nan,82098.59242289193,refinement,4,"requires >=2400 pooled, >=8 seeds with >=200 exceedances",block,16384,1.8846980780910998,1.7652791277943427,2.165173407479887,40,student_t,1.5,dynamic,13.583149642246221,0.012,False
1.5,,0.5,0.5,2.0,2.0,stable,4,833,nan,51217.1975191477,refinement,3,"requires >=2400 pooled, >=8 seeds with >=200 exceedances",full,65536,1.9401565664406284,1.9168685751511017,2.0110008532560157,40,student_t,1.5,dynamic,33.44686834537099,0.003,False
1.5,,0.5,0.5,2.0,2.0,stable,4,1616,nan,65109.26520598604,refinement,4,"requires >=2400 pooled, >=8 seeds with >=200 exceedances",full,65536,1.9688551095021296,1.700002890806262,2.0833617207468387,40,student_t,1.5,dynamic,21.235504579919724,0.006,False
1.5,,0.5,0.5,2.0,2.0,stable,4,3084,nan,82098.59242289193,refinement,4,"requires >=2400 pooled, >=8 seeds with >=200 exceedances",full,65536,1.981889795964889,1.7885276724615893,2.1255427108538574,40,student_t,1.5,dynamic,13.583149642246221,0.012,False
1.5,,0.5,0.5,2.0,2.0,stable,4,203,nan,12906.680757182583,refinement,0,"requires >=2400 pooled, >=8 seeds with >=200 exceedances",nested,16384,nan,nan,nan,40,student_t,1.5,dynamic,33.44686834537099,0.003,False
1.5,,0.5,0.5,2.0,2.0,stable,4,407,nan,16448.476644074934,refinement,0,"requires >=2400 pooled, >=8 seeds with >=200 exceedances",nested,16384,nan,nan,nan,40,student_t,1.5,dynamic,21.235504579919724,0.006,False
1.5,,0.5,0.5,2.0,2.0,stable,4,755,nan,20716.018110715435,refinement,1,"requires >=2400 pooled, >=8 seeds with >=200 exceedances",nested,16384,1.8846980780910998,1.8846980780910998,1.8846980780910998,40,student_t,1.5,dynamic,13.583149642246221,0.012,False
1.5,,0.5,0.5,2.0,2.0,stable,4,413,nan,27292.282264621743,refinement,0,"requires >=2400 pooled, >=8 seeds with >=200 exceedances",nested,32768,nan,nan,nan,40,student_t,1.5,dynamic,33.44686834537099,0.003,False
1.5,,0.5,0.5,2.0,2.0,stable,4,803,nan,34210.35142226045,refinement,2,"requires >=2400 pooled, >=8 seeds with >=200 exceedances",nested,32768,1.8880337134425815,1.8404400449192475,1.9356273819659155,40,student_t,1.5,dynamic,21.235504579919724,0.006,False
1.5,,0.5,0.5,2.0,2.0,stable,4,1504,nan,42554.0106526022,refinement,4,"requires >=2400 pooled, >=8 seeds with >=200 exceedances",nested,32768,2.0008361738913116,1.8225083571641103,2.348337626454642,40,student_t,1.5,dynamic,13.583149642246221,0.012,False
1.5,,0.5,0.5,2.0,2.0,stable,12,9274,1.8339840477863079,570313.3969603406,primary,12,,block,65536,1.607236672446529,1.38923317196367,1.854307526680713,80,student_t,1.5,dynamic,33.53134145358824,0.003,True
1.5,,0.5,0.5,2.0,2.0,stable,12,18453,1.8567532863188794,729422.633794324,primary,12,,block,65536,1.823813832280589,1.6539878296533688,1.9323489023278098,80,student_t,1.5,dynamic,21.28913677824408,0.006,True
1.5,,0.5,0.5,2.0,2.0,stable,12,36272,1.875881167415022,926558.359933355,primary,12,,block,65536,1.8150912398917884,1.6764262347424166,1.9121908980499327,80,student_t,1.5,dynamic,13.617455122143847,0.012,True
1.5,,0.5,0.5,2.0,2.0,stable,12,9274,1.8339840477863079,570313.3969603406,primary,12,,full,262144,1.813653249838687,1.6672524581556045,2.113388072982205,80,student_t,1.5,dynamic,33.53134145358824,0.003,True
1.5,,0.5,0.5,2.0,2.0,stable,12,18453,1.8567532863188794,729422.633794324,primary,12,,full,262144,1.833451383475485,1.7179218491116686,2.0526852171106293,80,student_t,1.5,dynamic,21.28913677824408,0.006,True
1.5,,0.5,0.5,2.0,2.0,stable,12,36272,1.875881167415022,926558.359933355,primary,12,,full,262144,1.8540200843401555,1.7553807261179248,2.049659756286043,80,student_t,1.5,dynamic,13.617455122143847,0.012,True
1.5,,0.5,0.5,2.0,2.0,stable,12,4652,1.9147545969580912,298678.3579658779,primary,12,,nested,131072,1.779602433829222,1.653743029075864,2.3896494089256133,80,student_t,1.5,dynamic,33.53134145358824,0.003,True
1.5,,0.5,0.5,2.0,2.0,stable,12,9199,1.9302933527850457,378026.2744488913,primary,12,,nested,131072,1.8394560385960537,1.7141346136394684,2.2464324007658725,80,student_t,1.5,dynamic,21.28913677824408,0.006,True
1.5,,0.5,0.5,2.0,2.0,stable,12,18150,1.9283309703876756,476600.1321655811,primary,12,,nested,131072,1.8266356125852605,1.7688428104312186,2.1716865050356753,80,student_t,1.5,dynamic,13.617455122143847,0.012,True
1.5,,0.5,0.5,2.0,2.0,stable,12,2401,nan,166206.53848594727,primary,6,"requires >=2400 pooled, >=8 seeds with >=200 exceedances",nested,65536,1.8890571907359925,1.5572692520769564,2.2142525601430134,80,student_t,1.5,dynamic,33.53134145358824,0.003,False
1.5,,0.5,0.5,2.0,2.0,stable,12,4612,2.103549263991086,206538.0337800627,primary,12,,nested,65536,2.026404170010112,1.5667643545900347,2.6293869811019004,80,student_t,1.5,dynamic,21.28913677824408,0.006,True
1.5,,0.5,0.5,2.0,2.0,stable,12,9112,2.0628055991605123,255957.56226977278,primary,12,,nested,65536,1.9660421443316225,1.6056480856510837,2.5531530744943853,80,student_t,1.5,dynamic,13.617455122143847,0.012,True
1.5,,0.5,0.5,2.0,2.0,stable,4,833,nan,51341.056931924395,refinement,3,"requires >=2400 pooled, >=8 seeds with >=200 exceedances",block,16384,nan,nan,nan,80,student_t,1.5,dynamic,33.53134145358824,0.003,False
1.5,,0.5,0.5,2.0,2.0,stable,4,1620,nan,65265.387094383026,refinement,4,"requires >=2400 pooled, >=8 seeds with >=200 exceedances",block,16384,nan,nan,nan,80,student_t,1.5,dynamic,21.28913677824408,0.006,False
1.5,,0.5,0.5,2.0,2.0,stable,4,3081,nan,82291.15535277528,refinement,4,"requires >=2400 pooled, >=8 seeds with >=200 exceedances",block,16384,2.029225592225612,1.7939441802376521,2.2709743318529343,80,student_t,1.5,dynamic,13.617455122143847,0.012,False
1.5,,0.5,0.5,2.0,2.0,stable,4,833,nan,51341.056931924395,refinement,3,"requires >=2400 pooled, >=8 seeds with >=200 exceedances",full,65536,1.9402659798151445,1.9166507790166938,2.0108156030256654,80,student_t,1.5,dynamic,33.53134145358824,0.003,False
1.5,,0.5,0.5,2.0,2.0,stable,4,1620,nan,65265.387094383026,refinement,4,"requires >=2400 pooled, >=8 seeds with >=200 exceedances",full,65536,1.9641748512759625,1.693299616870017,2.0803412206524907,80,student_t,1.5,dynamic,21.28913677824408,0.006,False
1.5,,0.5,0.5,2.0,2.0,stable,4,3081,nan,82291.1553527753,refinement,4,"requires >=2400 pooled, >=8 seeds with >=200 exceedances",full,65536,1.9817200396687389,1.7881700432415732,2.129293358782273,80,student_t,1.5,dynamic,13.617455122143847,0.012,False
1.5,,0.5,0.5,2.0,2.0,stable,4,218,nan,11286.362706244347,refinement,0,"requires >=2400 pooled, >=8 seeds with >=200 exceedances",nested,16384,nan,nan,nan,80,student_t,1.5,dynamic,33.53134145358824,0.003,False
1.5,,0.5,0.5,2.0,2.0,stable,4,428,nan,14974.593321217244,refinement,0,"requires >=2400 pooled, >=8 seeds with >=200 exceedances",nested,16384,nan,nan,nan,80,student_t,1.5,dynamic,21.28913677824408,0.006,False
1.5,,0.5,0.5,2.0,2.0,stable,4,798,nan,19378.416166704847,refinement,2,"requires >=2400 pooled, >=8 seeds with >=200 exceedances",nested,16384,2.03544417649423,1.8308822647441976,2.240006088244262,80,student_t,1.5,dynamic,13.617455122143847,0.012,False
1.5,,0.5,0.5,2.0,2.0,stable,4,429,nan,26010.591678218403,refinement,0,"requires >=2400 pooled, >=8 seeds with >=200 exceedances",nested,32768,nan,nan,nan,80,student_t,1.5,dynamic,33.53134145358824,0.003,False
1.5,,0.5,0.5,2.0,2.0,stable,4,843,nan,33257.05724990074,refinement,3,"requires >=2400 pooled, >=8 seeds with >=200 exceedances",nested,32768,1.953776452787904,1.636508565937369,2.104745400095772,80,student_t,1.5,dynamic,21.28913677824408,0.006,False
1.5,,0.5,0.5,2.0,2.0,stable,4,1563,nan,41955.20265698303,refinement,4,"requires >=2400 pooled, >=8 seeds with >=200 exceedances",nested,32768,1.9016302731236905,1.7167757292858288,2.2257359072955056,80,student_t,1.5,dynamic,13.617455122143847,0.012,False
1.5,,0.5,0.5,2.0,2.0,stable,4,920,nan,21074.01044182251,refinement,4,"requires >=2400 pooled, >=8 seeds with >=200 exceedances",block,16384,nan,nan,nan,160,student_t,3.0,dynamic,14.623187014287003,0.003,False
1.5,,0.5,0.5,2.0,2.0,stable,4,1924,nan,28105.822382676415,refinement,4,"requires >=2400 pooled, >=8 seeds with >=200 exceedances",block,16384,nan,nan,nan,160,student_t,3.0,dynamic,9.284299851585104,0.006,False
1.5,,0.5,0.5,2.0,2.0,stable,4,4440,nan,37769.13279150212,refinement,4,"requires >=2400 pooled, >=8 seeds with >=200 exceedances",block,16384,1.3800518992846966,1.3121721837276528,1.4595823592313326,160,student_t,3.0,dynamic,5.9386408141586795,0.012,False
1.5,,0.5,0.5,2.0,2.0,stable,4,920,nan,21074.010441822506,refinement,4,"requires >=2400 pooled, >=8 seeds with >=200 exceedances",full,65536,1.5932202657955519,1.4542848393466463,1.6833226130483372,160,student_t,3.0,dynamic,14.623187014287003,0.003,False
1.5,,0.5,0.5,2.0,2.0,stable,4,1924,nan,28105.822382676415,refinement,4,"requires >=2400 pooled, >=8 seeds with >=200 exceedances",full,65536,1.595907961779814,1.5115223810041756,1.6331882431572293,160,student_t,3.0,dynamic,9.284299851585104,0.006,False
1.5,,0.5,0.5,2.0,2.0,stable,4,4440,nan,37769.13279150212,refinement,4,"requires >=2400 pooled, >=8 seeds with >=200 exceedances",full,65536,1.4251983385810019,1.387783717224386,1.4769092130161992,160,student_t,3.0,dynamic,5.9386408141586795,0.012,False
1.5,,0.5,0.5,2.0,2.0,stable,4,212,nan,4137.841462159224,refinement,0,"requires >=2400 pooled, >=8 seeds with >=200 exceedances",nested,16384,nan,nan,nan,160,student_t,3.0,dynamic,14.623187014287003,0.003,False
1.5,,0.5,0.5,2.0,2.0,stable,4,468,nan,5783.094017995059,refinement,0,"requires >=2400 pooled, >=8 seeds with >=200 exceedances",nested,16384,nan,nan,nan,160,student_t,3.0,dynamic,9.284299851585104,0.006,False
1.5,,0.5,0.5,2.0,2.0,stable,4,1101,nan,8176.780995693815,refinement,4,"requires >=2400 pooled, >=8 seeds with >=200 exceedances",nested,16384,1.2957263324903274,1.164839044318857,1.3352136406284492,160,student_t,3.0,dynamic,5.9386408141586795,0.012,False
1.5,,0.5,0.5,2.0,2.0,stable,4,439,nan,9029.953055287448,refinement,0,"requires >=2400 pooled, >=8 seeds with >=200 exceedances",nested,32768,nan,nan,nan,160,student_t,3.0,dynamic,14.623187014287003,0.003,False
1.5,,0.5,0.5,2.0,2.0,stable,4,942,nan,12415.560138352621,refinement,4,"requires >=2400 pooled, >=8 seeds with >=200 exceedances",nested,32768,1.4961317944759087,1.2251702800073694,1.622940407390931,160,student_t,3.0,dynamic,9.284299851585104,0.006,False
1.5,,0.5,0.5,2.0,2.0,stable,4,2176,nan,17161.072463496806,refinement,4,"requires >=2400 pooled, >=8 seeds with >=200 exceedances",nested,32768,1.3411961045525471,1.2182489054982935,1.43592722584651,160,student_t,3.0,dynamic,5.9386408141586795,0.012,False
1.5,,0.5,0.5,2.0,2.0,stable,4,907,nan,21282.990491012562,refinement,4,"requires >=2400 pooled, >=8 seeds with >=200 exceedances",block,16384,nan,nan,nan,40,student_t,3.0,dynamic,14.796707022069572,0.003,False
1.5,,0.5,0.5,2.0,2.0,stable,4,1905,nan,28330.24137412149,refinement,4,"requires >=2400 pooled, >=8 seeds with >=200 exceedances",block,16384,nan,nan,nan,40,student_t,3.0,dynamic,9.394468160376393,0.006,False
1.5,,0.5,0.5,2.0,2.0,stable,4,4363,nan,37958.5150884994,refinement,4,"requires >=2400 pooled, >=8 seeds with >=200 exceedances",block,16384,1.4330180890450672,1.401454946248865,1.4877753477813134,40,student_t,3.0,dynamic,6.009109242093295,0.012,False
1.5,,0.5,0.5,2.0,2.0,stable,4,907,nan,21282.990491012562,refinement,4,"requires >=2400 pooled, >=8 seeds with >=200 exceedances",full,65536,1.6182228192334618,1.4829889555806088,1.6911819801452181,40,student_t,3.0,dynamic,14.796707022069572,0.003,False
1.5,,0.5,0.5,2.0,2.0,stable,4,1905,nan,28330.241374121488,refinement,4,"requires >=2400 pooled, >=8 seeds with >=200 exceedances",full,65536,1.6081630784975416,1.5196245462646307,1.644168632166325,40,student_t,3.0,dynamic,9.394468160376393,0.006,False
1.5,,0.5,0.5,2.0,2.0,stable,4,4363,nan,37958.5150884994,refinement,4,"requires >=2400 pooled, >=8 seeds with >=200 exceedances",full,65536,1.4445133341504104,1.40036249602783,1.4948724637096698,40,student_t,3.0,dynamic,6.009109242093295,0.012,False
1.5,,0.5,0.5,2.0,2.0,stable,4,238,nan,5353.692278881994,refinement,0,"requires >=2400 pooled, >=8 seeds with >=200 exceedances",nested,16384,nan,nan,nan,40,student_t,3.0,dynamic,14.796707022069572,0.003,False
1.5,,0.5,0.5,2.0,2.0,stable,4,483,nan,7126.346976245015,refinement,0,"requires >=2400 pooled, >=8 seeds with >=200 exceedances",nested,16384,nan,nan,nan,40,student_t,3.0,dynamic,9.394468160376393,0.006,False
1.5,,0.5,0.5,2.0,2.0,stable,4,1114,nan,9564.964381609007,refinement,4,"requires >=2400 pooled, >=8 seeds with >=200 exceedances",nested,16384,1.45006828705115,1.3021032982997163,1.561032140167955,40,student_t,3.0,dynamic,6.009109242093295,0.012,False
1.5,,0.5,0.5,2.0,2.0,stable,4,434,nan,10109.832898990831,refinement,0,"requires >=2400 pooled, >=8 seeds with >=200 exceedances",nested,32768,nan,nan,nan,40,student_t,3.0,dynamic,14.796707022069572,0.003,False
1.5,,0.5,0.5,2.0,2.0,stable,4,951,nan,13550.195930317994,refinement,4,"requires >=2400 pooled, >=8 seeds with >=200 exceedances",nested,32768,1.4981623792015006,1.453493244394876,1.5882859453871978,40,student_t,3.0,dynamic,9.394468160376393,0.006,False
1.5,,0.5,0.5,2.0,2.0,stable,4,2168,nan,18337.924082639067,refinement,4,"requires >=2400 pooled, >=8 seeds with >=200 exceedances",nested,32768,1.4125798185056622,1.366634816572079,1.4460953014035431,40,student_t,3.0,dynamic,6.009109242093295,0.012,False
1.5,,0.5,0.5,2.0,2.0,stable,12,10395,1.7709941031921115,270264.67453774635,primary,12,,block,65536,1.5919448836890397,1.4280866691669982,1.7896267519567428,80,student_t,3.0,dynamic,14.68073080715309,0.003,True
1.5,,0.5,0.5,2.0,2.0,stable,12,22748,1.6596776369519743,351902.0211204965,primary,12,,block,65536,1.4855751470004628,1.417981749604607,1.6773628719767608,80,student_t,3.0,dynamic,9.320834556847661,0.006,True
1.5,,0.5,0.5,2.0,2.0,stable,12,53370,1.470168598409782,467796.58277279185,primary,12,,block,65536,1.370400951478572,1.318827244322095,1.488226276420134,80,student_t,3.0,dynamic,5.9620099960327915,0.012,True
1.5,,0.5,0.5,2.0,2.0,stable,12,10395,1.7709941031921115,270264.67453774635,primary,12,,full,262144,1.552915499989131,1.4824562340558,2.063653217793181,80,student_t,3.0,dynamic,14.68073080715309,0.003,True
1.5,,0.5,0.5,2.0,2.0,stable,12,22748,1.6596776369519743,351902.0211204965,primary,12,,full,262144,1.510639429507921,1.4509012156418446,1.8744196137350937,80,student_t,3.0,dynamic,9.320834556847661,0.006,True
1.5,,0.5,0.5,2.0,2.0,stable,12,53370,1.470168598409782,467796.58277279185,primary,12,,full,262144,1.3637187737814704,1.3248889173241276,1.605602509797971,80,student_t,3.0,dynamic,5.9620099960327915,0.012,True
1.5,,0.5,0.5,2.0,2.0,stable,12,5292,1.8356360666993488,142611.3506304657,primary,12,,nested,131072,1.5753853396519013,1.4325036246935765,2.0398269892470333,80,student_t,3.0,dynamic,14.68073080715309,0.003,True
1.5,,0.5,0.5,2.0,2.0,stable,12,11492,1.7167609896773321,183890.90616070587,primary,12,,nested,131072,1.5102857907011022,1.4363069466137603,1.846229464072105,80,student_t,3.0,dynamic,9.320834556847661,0.006,True
1.5,,0.5,0.5,2.0,2.0,stable,12,26807,1.515836153341483,242266.39401376108,primary,12,,nested,131072,1.3771029972251325,1.3157698309441839,1.6309092795296753,80,student_t,3.0,dynamic,5.9620099960327915,0.012,True
1.5,,0.5,0.5,2.0,2.0,stable,12,2640,2.10683608347168,81654.91856608537,primary,11,,nested,65536,1.5703293316877043,1.4325402274045589,2.5239564127496124,80,student_t,3.0,dynamic,14.68073080715309,0.003,True
1.5,,0.5,0.5,2.0,2.0,stable,12,5775,1.9025338152397977,102409.24692455187,primary,12,,nested,65536,1.5161322282287717,1.3059371728760112,2.1857832106394945,80,student_t,3.0,dynamic,9.320834556847661,0.006,True
1.5,,0.5,0.5,2.0,2.0,stable,12,13273,1.6621120936707463,131529.17731523456,primary,12,,nested,65536,1.3627383122433412,1.2864507808821022,1.905774636448688,80,student_t,3.0,dynamic,5.9620099960327915,0.012,True
1.5,,0.5,0.5,2.0,2.0,stable,4,915,nan,21147.599332351077,refinement,4,"requires >=2400 pooled, >=8 seeds with >=200 exceedances",block,16384,nan,nan,nan,80,student_t,3.0,dynamic,14.68073080715309,0.003,False
1.5,,0.5,0.5,2.0,2.0,stable,4,1919,nan,28185.135260274805,refinement,4,"requires >=2400 pooled, >=8 seeds with >=200 exceedances",block,16384,nan,nan,nan,80,student_t,3.0,dynamic,9.320834556847661,0.006,False
1.5,,0.5,0.5,2.0,2.0,stable,4,4409,nan,37836.486808606016,refinement,4,"requires >=2400 pooled, >=8 seeds with >=200 exceedances",block,16384,1.4440562611139114,1.3714814270718052,1.4598140920356888,80,student_t,3.0,dynamic,5.9620099960327915,0.012,False
1.5,,0.5,0.5,2.0,2.0,stable,4,915,nan,21147.599332351077,refinement,4,"requires >=2400 pooled, >=8 seeds with >=200 exceedances",full,65536,1.6059009934839208,1.4593461113933366,1.693204699356771,80,student_t,3.0,dynamic,14.68073080715309,0.003,False
1.5,,0.5,0.5,2.0,2.0,stable,4,1919,nan,28185.13526027481,refinement,4,"requires >=2400 pooled, >=8 seeds with >=200 exceedances",full,65536,1.597922421798375,1.5141219610036658,1.6353087838602003,80,student_t,3.0,dynamic,9.320834556847661,0.006,False
1.5,,0.5,0.5,2.0,2.0,stable,4,4409,nan,37836.48680860601,refinement,4,"requires >=2400 pooled, >=8 seeds with >=200 exceedances",full,65536,1.4347608633436617,1.3955311328385074,1.482903307776461,80,student_t,3.0,dynamic,5.9620099960327915,0.012,False
1.5,,0.5,0.5,2.0,2.0,stable,4,209,nan,5467.489855224659,refinement,0,"requires >=2400 pooled, >=8 seeds with >=200 exceedances",nested,16384,nan,nan,nan,80,student_t,3.0,dynamic,14.68073080715309,0.003,False
1.5,,0.5,0.5,2.0,2.0,stable,4,461,nan,7120.282979520124,refinement,0,"requires >=2400 pooled, >=8 seeds with >=200 exceedances",nested,16384,nan,nan,nan,80,student_t,3.0,dynamic,9.320834556847661,0.006,False
1.5,,0.5,0.5,2.0,2.0,stable,4,1076,nan,9455.729445023659,refinement,4,"requires >=2400 pooled, >=8 seeds with >=200 exceedances",nested,16384,1.4971005925179193,1.3405976578389782,1.5992194881801909,80,student_t,3.0,dynamic,5.9620099960327915,0.012,False
1.5,,0.5,0.5,2.0,2.0,stable,4,442,nan,10363.683084438067,refinement,0,"requires >=2400 pooled, >=8 seeds with >=200 exceedances",nested,32768,nan,nan,nan,80,student_t,3.0,dynamic,14.68073080715309,0.003,False
1.5,,0.5,0.5,2.0,2.0,stable,4,930,nan,13774.365769232725,refinement,4,"requires >=2400 pooled, >=8 seeds with >=200 exceedances",nested,32768,1.6808521344623863,1.4403722441550086,1.757814257280625,80,student_t,3.0,dynamic,9.320834556847661,0.006,False
1.5,,0.5,0.5,2.0,2.0,stable,4,2175,nan,18486.098490266544,refinement,4,"requires >=2400 pooled, >=8 seeds with >=200 exceedances",nested,32768,1.4607063394060849,1.3589779371773,1.491661604865388,80,student_t,3.0,dynamic,5.9620099960327915,0.012,False
1.5,,0.5,1.0,0.0,2.0,vp,4,14235,nan,16339.771644445977,refinement,4,"requires >=2400 pooled, >=8 seeds with >=200 exceedances",block,16384,0.3830111451566256,0.3768666918221474,0.3934209803215811,160,student_t,1.5,dynamic,2.9677379253417717,0.003,False
1.5,,0.5,1.0,0.0,2.0,vp,4,17344,nan,19797.899228043523,refinement,4,"requires >=2400 pooled, >=8 seeds with >=200 exceedances",block,16384,0.41560956971967483,0.4081089537359324,0.4239635657466055,160,student_t,1.5,dynamic,2.7477813854449926,0.006,False
1.5,,0.5,1.0,0.0,2.0,vp,4,21573,nan,24366.690505063496,refinement,4,"requires >=2400 pooled, >=8 seeds with >=200 exceedances",block,16384,0.44909968498834474,0.4414364842736958,0.45958232951396494,160,student_t,1.5,dynamic,2.5121443279304616,0.012,False
1.5,,0.5,1.0,0.0,2.0,vp,4,14235,nan,16339.771644445977,refinement,4,"requires >=2400 pooled, >=8 seeds with >=200 exceedances",full,65536,0.3858772334536681,0.37876376223648084,0.3948289024835976,160,student_t,1.5,dynamic,2.9677379253417717,0.003,False
1.5,,0.5,1.0,0.0,2.0,vp,4,17344,nan,19797.89922804352,refinement,4,"requires >=2400 pooled, >=8 seeds with >=200 exceedances",full,65536,0.4141135825963318,0.40765387530921793,0.4233278416594822,160,student_t,1.5,dynamic,2.7477813854449926,0.006,False
1.5,,0.5,1.0,0.0,2.0,vp,4,21573,nan,24366.690505063496,refinement,4,"requires >=2400 pooled, >=8 seeds with >=200 exceedances",full,65536,0.4470312124223442,0.4404343406272088,0.45914330267105047,160,student_t,1.5,dynamic,2.5121443279304616,0.012,False
1.5,,0.5,1.0,0.0,2.0,vp,4,3580,nan,4039.1401969390517,refinement,4,"requires >=2400 pooled, >=8 seeds with >=200 exceedances",nested,16384,0.3789372190456346,0.37776325537605193,0.38261705024260895,160,student_t,1.5,dynamic,2.9677379253417717,0.003,False
1.5,,0.5,1.0,0.0,2.0,vp,4,4349,nan,4905.136632026466,refinement,4,"requires >=2400 pooled, >=8 seeds with >=200 exceedances",nested,16384,0.4084492391348401,0.40503918296381375,0.4159549586064805,160,student_t,1.5,dynamic,2.7477813854449926,0.006,False
1.5,,0.5,1.0,0.0,2.0,vp,4,5407,nan,6050.785005652778,refinement,4,"requires >=2400 pooled, >=8 seeds with >=200 exceedances",nested,16384,0.44458051838118434,0.43862260344776904,0.4522858409331233,160,student_t,1.5,dynamic,2.5121443279304616,0.012,False
1.5,,0.5,1.0,0.0,2.0,vp,4,7119,nan,8181.263035882688,refinement,4,"requires >=2400 pooled, >=8 seeds with >=200 exceedances",nested,32768,0.3863247994659486,0.3779021069887356,0.39642478337961584,160,student_t,1.5,dynamic,2.9677379253417717,0.003,False
1.5,,0.5,1.0,0.0,2.0,vp,4,8673,nan,9908.74589368381,refinement,4,"requires >=2400 pooled, >=8 seeds with >=200 exceedances",nested,32768,0.41422683953389144,0.40730733770040867,0.42422110373138044,160,student_t,1.5,dynamic,2.7477813854449926,0.006,False
1.5,,0.5,1.0,0.0,2.0,vp,4,10811,nan,12196.465760977817,refinement,4,"requires >=2400 pooled, >=8 seeds with >=200 exceedances",nested,32768,0.4468196202550816,0.43867700841652024,0.4596882105260276,160,student_t,1.5,dynamic,2.5121443279304616,0.012,False
1.5,,0.5,1.0,0.0,2.0,vp,4,13752,nan,15414.933393883957,refinement,4,"requires >=2400 pooled, >=8 seeds with >=200 exceedances",block,16384,0.37650152778346857,0.3698093838071898,0.38564666132516295,40,student_t,1.5,dynamic,2.9677379253417717,0.003,False
1.5,,0.5,1.0,0.0,2.0,vp,4,16836,nan,18765.393235140436,refinement,4,"requires >=2400 pooled, >=8 seeds with >=200 exceedances",block,16384,0.4043349336329151,0.3972175235046179,0.41414313028185906,40,student_t,1.5,dynamic,2.7477813854449926,0.006,False
1.5,,0.5,1.0,0.0,2.0,vp,4,21048,nan,23214.925935394047,refinement,4,"requires >=2400 pooled, >=8 seeds with >=200 exceedances",block,16384,0.43767845661949206,0.4307780863994218,0.44911666215502777,40,student_t,1.5,dynamic,2.5121443279304616,0.012,False
1.5,,0.5,1.0,0.0,2.0,vp,4,13752,nan,15414.933393883957,refinement,4,"requires >=2400 pooled, >=8 seeds with >=200 exceedances",full,65536,0.3768334042367631,0.37004205360207565,0.38537227777832916,40,student_t,1.5,dynamic,2.9677379253417717,0.003,False
1.5,,0.5,1.0,0.0,2.0,vp,4,16836,nan,18765.393235140436,refinement,4,"requires >=2400 pooled, >=8 seeds with >=200 exceedances",full,65536,0.4043129472456094,0.3976935427027329,0.41370768514751505,40,student_t,1.5,dynamic,2.7477813854449926,0.006,False
1.5,,0.5,1.0,0.0,2.0,vp,4,21048,nan,23214.925935394047,refinement,4,"requires >=2400 pooled, >=8 seeds with >=200 exceedances",full,65536,0.43650220233607107,0.4297966707643459,0.448643022020251,40,student_t,1.5,dynamic,2.5121443279304616,0.012,False
1.5,,0.5,1.0,0.0,2.0,vp,4,3391,nan,3761.734534950993,refinement,4,"requires >=2400 pooled, >=8 seeds with >=200 exceedances",nested,16384,0.37879563263597804,0.3628163778513184,0.38414805700590227,40,student_t,1.5,dynamic,2.9677379253417717,0.003,False
1.5,,0.5,1.0,0.0,2.0,vp,4,4163,nan,4589.281260504851,refinement,4,"requires >=2400 pooled, >=8 seeds with >=200 exceedances",nested,16384,0.4052713839827945,0.39180510431526056,0.409856365896091,40,student_t,1.5,dynamic,2.7477813854449926,0.006,False
1.5,,0.5,1.0,0.0,2.0,vp,4,5179,nan,5684.047116668498,refinement,4,"requires >=2400 pooled, >=8 seeds with >=200 exceedances",nested,16384,0.4431913456009846,0.4274853224040609,0.4455572564821175,40,student_t,1.5,dynamic,2.5121443279304616,0.012,False
1.5,,0.5,1.0,0.0,2.0,vp,4,6840,nan,7564.6840509508875,refinement,4,"requires >=2400 pooled, >=8 seeds with >=200 exceedances",nested,32768,0.37265459352526575,0.36056817336891844,0.3846820566493914,40,student_t,1.5,dynamic,2.9677379253417717,0.003,False
1.5,,0.5,1.0,0.0,2.0,vp,4,8381,nan,9231.275309908207,refinement,4,"requires >=2400 pooled, >=8 seeds with >=200 exceedances",nested,32768,0.4018240948676641,0.3931737293870214,0.40830748982220083,40,student_t,1.5,dynamic,2.7477813854449926,0.006,False
1.5,,0.5,1.0,0.0,2.0,vp,4,10435,nan,11440.56719234989,refinement,4,"requires >=2400 pooled, >=8 seeds with >=200 exceedances",nested,32768,0.43563859745673067,0.42710975814112717,0.4458355355244943,40,student_t,1.5,dynamic,2.5121443279304616,0.012,False
1.5,,0.5,1.0,0.0,2.0,vp,12,168603,0.3874581381933856,193872.24163075525,primary,12,,block,65536,0.3877222763614751,0.3845436283956242,0.39046810193567044,80,student_t,1.5,dynamic,2.9677379253417717,0.003,True
1.5,,0.5,1.0,0.0,2.0,vp,12,206154,0.4147109699175078,234919.71559956408,primary,12,,block,65536,0.41452821581546795,0.41073082965145397,0.418249814758692,80,student_t,1.5,dynamic,2.7477813854449926,0.006,True
1.5,,0.5,1.0,0.0,2.0,vp,12,257247,0.44759792816534877,289256.39764085907,primary,12,,block,65536,0.4479302464346974,0.4446469879865249,0.4506109641518301,80,student_t,1.5,dynamic,2.5121443279304616,0.012,True
1.5,,0.5,1.0,0.0,2.0,vp,12,168603,0.3874581381933856,193872.24163075525,primary,12,,full,262144,0.38731379172451275,0.38525675069699084,0.3892580996257172,80,student_t,1.5,dynamic,2.9677379253417717,0.003,True
1.5,,0.5,1.0,0.0,2.0,vp,12,206154,0.4147109699175079,234919.71559956405,primary,12,,full,262144,0.4145144273917755,0.4129627998521218,0.4169426965506681,80,student_t,1.5,dynamic,2.7477813854449926,0.006,True
1.5,,0.5,1.0,0.0,2.0,vp,12,257247,0.44759792816534877,289256.39764085907,primary,12,,full,262144,0.44755905390271833,0.4443277258901364,0.45050060700481775,80,student_t,1.5,dynamic,2.5121443279304616,0.012,True
1.5,,0.5,1.0,0.0,2.0,vp,12,84258,0.3889318265552932,97254.60540627615,primary,12,,nested,131072,0.3881569595248823,0.3835526197437083,0.3938064603022976,80,student_t,1.5,dynamic,2.9677379253417717,0.003,True
1.5,,0.5,1.0,0.0,2.0,vp,12,102895,0.41648097626417235,117752.9015582101,primary,12,,nested,131072,0.4152675258489991,0.41269604628038503,0.4203605062036055,80,student_t,1.5,dynamic,2.7477813854449926,0.006,True
1.5,,0.5,1.0,0.0,2.0,vp,12,128425,0.4490398243118145,144870.1869607118,primary,12,,nested,131072,0.44864600984283726,0.444504098031852,0.45245431926193347,80,student_t,1.5,dynamic,2.5121443279304616,0.012,True
1.5,,0.5,1.0,0.0,2.0,vp,12,41918,0.3902499057985249,48547.727649016575,primary,12,,nested,65536,0.38994668852586634,0.3805792802263203,0.39734703417344713,80,student_t,1.5,dynamic,2.9677379253417717,0.003,True
1.5,,0.5,1.0,0.0,2.0,vp,12,51413,0.41599918298822736,58768.905277242215,primary,12,,nested,65536,0.4170425541642174,0.40896456029922384,0.42253251951622894,80,student_t,1.5,dynamic,2.7477813854449926,0.006,True
1.5,,0.5,1.0,0.0,2.0,vp,12,64207,0.4484142199344579,72327.98092349805,primary,12,,nested,65536,0.44973273370379113,0.44337750543644916,0.45418323865143007,80,student_t,1.5,dynamic,2.5121443279304616,0.012,True
1.5,,0.5,1.0,0.0,2.0,vp,4,14074,nan,16021.464015457297,refinement,4,"requires >=2400 pooled, >=8 seeds with >=200 exceedances",block,16384,0.38066810211164887,0.37524672751678806,0.39270986691913806,80,student_t,1.5,dynamic,2.9677379253417717,0.003,False
1.5,,0.5,1.0,0.0,2.0,vp,4,17159,nan,19442.997090681565,refinement,4,"requires >=2400 pooled, >=8 seeds with >=200 exceedances",block,16384,0.4092814891444237,0.405090754735063,0.42037071970045115,80,student_t,1.5,dynamic,2.7477813854449926,0.006,False
1.5,,0.5,1.0,0.0,2.0,vp,4,21386,nan,23971.164254154486,refinement,4,"requires >=2400 pooled, >=8 seeds with >=200 exceedances",block,16384,0.4404856093717488,0.43745382171332525,0.4522123549978276,80,student_t,1.5,dynamic,2.5121443279304616,0.012,False
1.5,,0.5,1.0,0.0,2.0,vp,4,14074,nan,16021.464015457297,refinement,4,"requires >=2400 pooled, >=8 seeds with >=200 exceedances",full,65536,0.38260307055737264,0.3761439360769141,0.3910362165015592,80,student_t,1.5,dynamic,2.9677379253417717,0.003,False
1.5,,0.5,1.0,0.0,2.0,vp,4,17159,nan,19442.99709068157,refinement,4,"requires >=2400 pooled, >=8 seeds with >=200 exceedances",full,65536,0.41114601821036134,0.40433494263741626,0.42054918999677854,80,student_t,1.5,dynamic,2.7477813854449926,0.006,False
1.5,,0.5,1.0,0.0,2.0,vp,4,21386,nan,23971.164254154486,refinement,4,"requires >=2400 pooled, >=8 seeds with >=200 exceedances",full,65536,0.44356031060022244,0.43713084408590536,0.4555818687563373,80,student_t,1.5,dynamic,2.5121443279304616,0.012,False
1.5,,0.5,1.0,0.0,2.0,vp,4,3554,nan,4031.192288014284,refinement,4,"requires >=2400 pooled, >=8 seeds with >=200 exceedances",nested,16384,0.3740705004602854,0.37067631057021444,0.39386913930490974,80,student_t,1.5,dynamic,2.9677379253417717,0.003,False
1.5,,0.5,1.0,0.0,2.0,vp,4,4284,nan,4891.682004137929,refinement,4,"requires >=2400 pooled, >=8 seeds with >=200 exceedances",nested,16384,0.40676568636182575,0.4047426228836976,0.42678256490725996,80,student_t,1.5,dynamic,2.7477813854449926,0.006,False
1.5,,0.5,1.0,0.0,2.0,vp,4,5305,nan,6018.829107044779,refinement,4,"requires >=2400 pooled, >=8 seeds with >=200 exceedances",nested,16384,0.44278652643367844,0.4392011387711854,0.4647249537290727,80,student_t,1.5,dynamic,2.5121443279304616,0.012,False
1.5,,0.5,1.0,0.0,2.0,vp,4,7110,nan,8064.4146712508145,refinement,4,"requires >=2400 pooled, >=8 seeds with >=200 exceedances",nested,32768,0.3810454512139335,0.37832889024547844,0.3861105116767259,80,student_t,1.5,dynamic,2.9677379253417717,0.003,False
1.5,,0.5,1.0,0.0,2.0,vp,4,8680,nan,9792.14012647681,refinement,4,"requires >=2400 pooled, >=8 seeds with >=200 exceedances",nested,32768,0.40922460404441563,0.40566133188282755,0.41553590364379905,80,student_t,1.5,dynamic,2.7477813854449926,0.006,False
1.5,,0.5,1.0,0.0,2.0,vp,4,10759,nan,12075.850353358977,refinement,4,"requires >=2400 pooled, >=8 seeds with >=200 exceedances",nested,32768,0.4437207441794523,0.4403896227429768,0.4534946107150982,80,student_t,1.5,dynamic,2.5121443279304616,0.012,False
