alpha_theory,claim,control_distribution,control_gate,decision,epsilon,estimate,eta,expected,horizon,interval_high,interval_low,margin,model,plateau_slope,purpose,reason,steps,target,target_nu,task_kind
1.5,stable_tail_index,gaussian,True,incompatible,0.5,9.963002989517758,1.0,1.5,2.0,10.033779377268111,9.865153799327727,0.1,gaussian,0.01287976384032041,control,Hill departure corroborated by EVT sensitivity,0,direct_control,0.0,control
1.5,tail_constant,gaussian,True,nonconclusive,0.5,nan,1.0,nan,2.0,nan,nan,0.25,gaussian,nan,control,constant is unresolved or lacks plateau,0,direct_control,0.0,control
1.5,stable_tail_index,pareto,True,compatible,0.5,1.5105758514637153,1.0,1.5,2.0,1.5216556761055122,1.4769225702129956,0.1,pareto,-0.006160536088953041,control,"Hill equivalence, plateau and auxiliary agree",0,direct_control,0.0,control
1.5,tail_constant,pareto,True,compatible,0.5,0.991063842052854,1.0,1.0,2.0,1.0085931276527214,0.9810671422601305,0.25,pareto,nan,control,constant equivalence and plateau pass,0,direct_control,0.0,control
1.5,stable_tail_index,sas,True,compatible,0.5,1.515641208467109,1.0,1.5,2.0,1.5511553072576503,1.5016687720553197,0.1,sas,-0.009924890409455225,control,"Hill equivalence, plateau and auxiliary agree",0,direct_control,0.0,control
1.5,tail_constant,sas,True,compatible,0.5,0.40660301971896073,1.0,0.3989422804014327,2.0,0.4103771119933849,0.40145946989093145,0.25,sas,nan,control,constant equivalence and plateau pass,0,direct_control,0.0,control
1.5,mass_ratio_slope,,True,nonconclusive,0.5,0.10020420863328505,0.5,0.16666666666666674,2.0,0.11933093269435607,0.09052825350132918,0.05,stable,nan,primary,M slope or window stability is unresolved,80,student_t,1.2,dynamic
1.5,mean_excess_regime,,True,nonconclusive,0.5,2.5345925303140673,0.5,2.0,2.0,2.697214985139262,2.218757431735177,nan,stable,nan,primary,descriptive heavy-tail stability diagnostic; band is not a CI,80,student_t,1.2,dynamic
1.5,stable_tail_index,,True,incompatible,0.5,1.3806766181694177,0.5,1.5,2.0,1.3931593997279133,1.3422302575731684,0.1,stable,0.007250411863425631,primary,Hill departure corroborated by EVT sensitivity,80,student_t,1.2,dynamic
1.5,tail_constant,,True,nonconclusive,0.5,0.9669210179102351,0.5,2.442189993630104,2.0,0.9861426885039503,0.9471752299286957,0.25,stable,nan,primary,constant is unresolved or lacks plateau,80,student_t,1.2,dynamic
1.5,mass_ratio_slope,,True,compatible,0.5,0.0033786897288027597,0.5,0.0,2.0,0.019409685796810464,-0.010088047674471322,0.05,stable,nan,primary,primary and sensitivity M slopes agree with theory,80,student_t,1.5,dynamic
1.5,mean_excess_regime,,True,nonconclusive,0.5,1.8567532863188794,0.5,2.0,2.0,2.0526852171106293,1.7179218491116686,nan,stable,nan,primary,descriptive heavy-tail stability diagnostic; band is not a CI,80,student_t,1.5,dynamic
1.5,stable_tail_index,,True,compatible,0.5,1.5311505591237533,0.5,1.5,2.0,1.5443923088288787,1.4823468531324562,0.1,stable,-8.969248689500735e-05,primary,"Hill equivalence, plateau and auxiliary agree",80,student_t,1.5,dynamic
1.5,tail_constant,,True,compatible,0.5,0.5772414102686698,0.5,0.5756072817429793,2.0,0.5826148879741753,0.5684474169827086,0.25,stable,nan,primary,constant equivalence and plateau pass,80,student_t,1.5,dynamic
1.5,mass_ratio_slope,,True,incompatible,0.5,-0.2537799351816391,0.5,-0.3333333333333333,2.0,-0.24577675266315033,-0.2635112085497802,0.05,stable,nan,primary,M slope departure persists across fit windows,80,student_t,3.0,dynamic
1.5,mean_excess_regime,,True,nonconclusive,0.5,1.6596776369519743,0.5,2.0,2.0,1.8744196137350937,1.4509012156418446,nan,stable,nan,primary,descriptive heavy-tail stability diagnostic; band is not a CI,80,student_t,3.0,dynamic
1.5,stable_tail_index,,True,nonconclusive,0.5,1.6335562940155808,0.5,1.5,2.0,1.655550812718052,1.6226577201981431,0.1,stable,-0.0294719082454471,primary,equivalence/corroboration criteria not all met,80,student_t,3.0,dynamic
1.5,tail_constant,,True,nonconclusive,0.5,0.19899482187116146,0.5,0.16675213385546725,2.0,0.20096874523178979,0.19853910564473823,0.25,stable,nan,primary,constant is unresolved or lacks plateau,80,student_t,3.0,dynamic
1.5,mass_ratio_slope,,True,nonconclusive,0.5,0.4902894251063466,1.0,nan,2.0,0.49256386211857967,0.48868275437722963,0.05,vp,nan,primary,VP slope is a finite trend diagnostic only,80,student_t,1.5,dynamic
1.5,mean_excess_regime,,True,nonconclusive,0.5,0.4147109699175079,1.0,0.0,2.0,0.4169426965506681,0.4129627998521218,nan,vp,nan,primary,descriptive heavy-tail stability diagnostic; band is not a CI,80,student_t,1.5,dynamic
1.5,vp_finite_tail_trend,,True,nonconclusive,0.5,nan,1.0,0.0,2.0,nan,nan,0.05,vp,nan,primary,finite VP tail diagnostics do not prove an asymptotic tail index,80,student_t,1.5,dynamic
