section,method,valid_method,steps,eta,noise_eta,lag,forward_time,pair_later_time,pair_earlier_time,metric,n_seeds,mean,median,q16,q84,min,max,analytic_value,floor_value,hoeffding_radius
nonstationary_joint,hybrid_ei_invalid,False,1760,0.5,1,,,0.5,0.25,joint_ecf_rmse_to_true_reverse,12,0.1269865937900555,0.12696079129448173,0.12551319390447285,0.12823116550498581,0.1250747841035105,0.12959363925036163,,0.0034964757981762857,
nonstationary_joint,hybrid_ei_invalid,False,1760,0.5,1,,,0.5,0.25,joint_probe_real,12,-0.077365733313833188,-0.077849796191878387,-0.078828245289100207,-0.074761983006124008,-0.082267276370256687,-0.073638722722869476,0.010121106338732092,,
nonstationary_joint,hybrid_ei_invalid,False,1760,0.5,1,,,0.5,0.25,rff_mmd2_to_true_reverse,12,0.016394397943192029,0.016497062156359821,0.015851730350466074,0.016959982520051042,0.015487335524111745,0.017407828667782677,,-1.4342974689052213e-06,
nonstationary_joint,hybrid_ei_invalid,False,1760,0.5,1,,,1.5,0.5,joint_ecf_rmse_to_true_reverse,12,0.10954073599213272,0.10944453818937311,0.10861418603166009,0.11049471491651382,0.10769938616539537,0.11195491327660058,,0.0033186250661594542,
nonstationary_joint,hybrid_ei_invalid,False,1760,0.5,1,,,1.5,0.5,joint_probe_real,12,0.016777699214375542,0.016912924720862064,0.015449103461001604,0.018408172977073829,0.011397809514059085,0.02164108257082804,0.12601614378469431,,
nonstationary_joint,hybrid_ei_invalid,False,1760,0.5,1,,,1.5,0.5,rff_mmd2_to_true_reverse,12,0.016002794705812423,0.016059548410577662,0.015595016557810428,0.016307622225006327,0.01535580808919268,0.01687918174087899,,3.7602512658607701e-06,
nonstationary_joint,hybrid_ei_invalid,False,1760,0.5,1,,,2.5,1.5,joint_ecf_rmse_to_true_reverse,12,0.078716379274041126,0.079101327795151222,0.078004258368527313,0.079574632413890248,0.075946840886142217,0.079952614576004402,,0.0032162185591018575,
nonstationary_joint,hybrid_ei_invalid,False,1760,0.5,1,,,2.5,1.5,joint_probe_real,12,0.10690692500315779,0.10742391902629643,0.1047786301586489,0.10918732329314608,0.1023657424532215,0.10976183556594696,0.18868518144529622,,
nonstationary_joint,hybrid_ei_invalid,False,1760,0.5,1,,,2.5,1.5,rff_mmd2_to_true_reverse,12,0.0083917831747685658,0.0083815880819309574,0.0082610563464090708,0.0085507575925958205,0.0078688908883891573,0.0088737217746239772,,-3.0918533056034647e-07,
nonstationary_joint,hybrid_ei_invalid,False,3520,0.5,1,,,0.5,0.25,joint_ecf_rmse_to_true_reverse,12,0.12699468319639914,0.12696952324695771,0.12552162547662246,0.12824255997531256,0.12508222437650138,0.1295950658689842,,0.0034964757981762857,
nonstationary_joint,hybrid_ei_invalid,False,3520,0.5,1,,,0.5,0.25,joint_probe_real,12,-0.077415426737061824,-0.077900304390199904,-0.078877843268653686,-0.074809996902109321,-0.082341562051719663,-0.073684342577992945,0.010121106338732092,,
nonstationary_joint,hybrid_ei_invalid,False,3520,0.5,1,,,0.5,0.25,rff_mmd2_to_true_reverse,12,0.016408091809701254,0.016511450348506818,0.015864406406427341,0.016974316988895795,0.015500127541244857,0.017422488253111434,,-1.4342974689052213e-06,
nonstationary_joint,hybrid_ei_invalid,False,3520,0.5,1,,,1.5,0.5,joint_ecf_rmse_to_true_reverse,12,0.10955334917886156,0.10945840880547483,0.10862878867007575,0.11050604195422632,0.10770901527473493,0.11196848305730703,,0.0033186250661594542,
nonstationary_joint,hybrid_ei_invalid,False,3520,0.5,1,,,1.5,0.5,joint_probe_real,12,0.016737588112932352,0.016876450309837018,0.015415881623115182,0.01837088574524989,0.011356407506685824,0.021610620089650104,0.12601614378469431,,
nonstationary_joint,hybrid_ei_invalid,False,3520,0.5,1,,,1.5,0.5,rff_mmd2_to_true_reverse,12,0.016010351201031513,0.016066888873995655,0.015602630330715551,0.016315105982977144,0.01536310906848759,0.016887042066397351,,3.7602512658607701e-06,
nonstationary_joint,hybrid_ei_invalid,False,3520,0.5,1,,,2.5,1.5,joint_ecf_rmse_to_true_reverse,12,0.07872301739827206,0.079108645971927502,0.078010715499064312,0.079581143121775652,0.075952920333378166,0.079957800384315575,,0.0032162185591018575,
nonstationary_joint,hybrid_ei_invalid,False,3520,0.5,1,,,2.5,1.5,joint_probe_real,12,0.10690069972606701,0.10741928966522135,0.10477360856889258,0.10918457805306027,0.10236001251742205,0.10975632583881173,0.18868518144529622,,
nonstationary_joint,hybrid_ei_invalid,False,3520,0.5,1,,,2.5,1.5,rff_mmd2_to_true_reverse,12,0.008392492870026913,0.0083822688633179987,0.0082618430525144594,0.0085514423305976719,0.0078695781943881604,0.008874496019128153,,-3.0918533056034647e-07,
nonstationary_joint,popov_ei,True,1760,0.25,0.25,,,0.5,0.25,joint_ecf_rmse_to_true_reverse,12,0.054304454190824546,0.054233592137441222,0.053868319043558828,0.054688034300759393,0.05364534830264208,0.055229755510635116,,0.0034964757981762857,
nonstationary_joint,popov_ei,True,1760,0.25,0.25,,,0.5,0.25,joint_probe_real,12,0.013194602607157971,0.012515854890135434,0.010904871659668774,0.015118750436490752,0.010758929015867632,0.017895438581482577,0.010121106338732092,,
nonstationary_joint,popov_ei,True,1760,0.25,0.25,,,0.5,0.25,rff_mmd2_to_true_reverse,12,0.00050624733935886179,0.00050287844609447907,0.00048197539004565473,0.00053549464095213216,0.00047176743763444051,0.00055183379702150592,,-1.4342974689052213e-06,
nonstationary_joint,popov_ei,True,1760,0.25,0.25,,,1.5,0.5,joint_ecf_rmse_to_true_reverse,12,0.12302919482719048,0.1230829690025827,0.12264738340761444,0.12341570535456896,0.12190997172719203,0.12406158573714007,,0.0033186250661594542,
nonstationary_joint,popov_ei,True,1760,0.25,0.25,,,1.5,0.5,joint_probe_real,12,0.1090890567974875,0.10939024171656045,0.10666261493602652,0.11116046162325897,0.10492795017268783,0.11309291356265722,0.12601614378469431,,
nonstationary_joint,popov_ei,True,1760,0.25,0.25,,,1.5,0.5,rff_mmd2_to_true_reverse,12,0.0047708007825238612,0.0047588178374635137,0.0046835282506295164,0.0048633197966733198,0.0046633376394636938,0.0049345832257408073,,3.7602512658607701e-06,
nonstationary_joint,popov_ei,True,1760,0.25,0.25,,,2.5,1.5,joint_ecf_rmse_to_true_reverse,12,0.12655680937792121,0.12648954217522854,0.12621446256231658,0.12681878368010616,0.12593552145905645,0.12752841291310504,,0.0032162185591018575,
nonstationary_joint,popov_ei,True,1760,0.25,0.25,,,2.5,1.5,joint_probe_real,12,0.16487853242075359,0.16504091785833674,0.16191119556436609,0.16681403155237975,0.16121938568528732,0.17089086994518346,0.18868518144529622,,
nonstationary_joint,popov_ei,True,1760,0.25,0.25,,,2.5,1.5,rff_mmd2_to_true_reverse,12,0.005138015328803462,0.005151777434457161,0.005065604608736409,0.005216314554906001,0.0049746204890138701,0.0052480062885954526,,-3.0918533056034647e-07,
nonstationary_joint,popov_ei,True,1760,0.5,0.5,,,0.5,0.25,joint_ecf_rmse_to_true_reverse,12,0.038391462126121802,0.038344614657704314,0.037910394804299349,0.038673897866865099,0.03769135094594709,0.03990506461660541,,0.0034964757981762857,
nonstationary_joint,popov_ei,True,1760,0.5,0.5,,,0.5,0.25,joint_probe_real,12,0.013817341359380517,0.013851212164014122,0.010456432661380194,0.016160499104976606,0.0092189601427853391,0.019357588101830161,0.010121106338732092,,
nonstationary_joint,popov_ei,True,1760,0.5,0.5,,,0.5,0.25,rff_mmd2_to_true_reverse,12,0.00025923510338577799,0.00025427401538558048,0.00024013403294031121,0.00027788366955476372,0.00023562225693574135,0.00029839580540480526,,-1.4342974689052213e-06,
nonstationary_joint,popov_ei,True,1760,0.5,0.5,,,1.5,0.5,joint_ecf_rmse_to_true_reverse,12,0.074986008351336106,0.074852012615384711,0.074620691743417317,0.075732428041773617,0.073939512261802745,0.076040746913649745,,0.0033186250661594542,
nonstationary_joint,popov_ei,True,1760,0.5,0.5,,,1.5,0.5,joint_probe_real,12,0.12054242701850898,0.12017716053493205,0.11903345025849897,0.12234882313348357,0.1156394939129668,0.12514769169479179,0.12601614378469431,,
nonstationary_joint,popov_ei,True,1760,0.5,0.5,,,1.5,0.5,rff_mmd2_to_true_reverse,12,0.0020796398876198239,0.0020916522816213923,0.0020242364250687792,0.0021365641927707912,0.0019839115272002328,0.0021616118780503069,,3.7602512658607701e-06,
nonstationary_joint,popov_ei,True,1760,0.5,0.5,,,2.5,1.5,joint_ecf_rmse_to_true_reverse,12,0.078582012386736386,0.07857228848786163,0.078116824326173187,0.078903640751437978,0.077783686920348427,0.079921428942160297,,0.0032162185591018575,
nonstationary_joint,popov_ei,True,1760,0.5,0.5,,,2.5,1.5,joint_probe_real,12,0.17636200849544523,0.17700983770722523,0.17409475045234771,0.17812050438231139,0.17115609138589605,0.18147166071318876,0.18868518144529622,,
nonstationary_joint,popov_ei,True,1760,0.5,0.5,,,2.5,1.5,rff_mmd2_to_true_reverse,12,0.002281208346721538,0.0022862543947381742,0.0022331634682643165,0.0023219325333785302,0.0021871419049193097,0.0023723756991669287,,-3.0918533056034647e-07,
nonstationary_joint,popov_ei,True,1760,1,1,,,0.5,0.25,joint_ecf_rmse_to_true_reverse,12,0.026504102072997263,0.026416028471454824,0.025994255712599997,0.027251983756290194,0.025436705226422045,0.02734501157062352,,0.0034964757981762857,
nonstationary_joint,popov_ei,True,1760,1,1,,,0.5,0.25,joint_probe_real,12,0.016671035230178464,0.016634208267963722,0.01444919771446544,0.019612930843770669,0.010348948793688535,0.021401819373852712,0.010121106338732092,,
nonstationary_joint,popov_ei,True,1760,1,1,,,0.5,0.25,rff_mmd2_to_true_reverse,12,0.00014424508323772808,0.00014371486583669713,0.00012964589451510466,0.00015668499482104803,0.00012451635565324803,0.00015981202854276066,,-1.4342974689052213e-06,
nonstationary_joint,popov_ei,True,1760,1,1,,,1.5,0.5,joint_ecf_rmse_to_true_reverse,12,0.035023484441457288,0.035002986875135589,0.034530058170126818,0.035552879974487341,0.033987019734479144,0.035707918230094539,,0.0033186250661594542,
nonstationary_joint,popov_ei,True,1760,1,1,,,1.5,0.5,joint_probe_real,12,0.14534083409319662,0.1464950714382196,0.14301627568778266,0.14781364886902537,0.1374501679233659,0.14891525319708299,0.12601614378469431,,
nonstationary_joint,popov_ei,True,1760,1,1,,,1.5,0.5,rff_mmd2_to_true_reverse,12,0.00050552270487595286,0.0004986735305790857,0.00047963009878547512,0.0005275462582649171,0.00046811194941409617,0.00057090381935132051,,3.7602512658607701e-06,
nonstationary_joint,popov_ei,True,1760,1,1,,,2.5,1.5,joint_ecf_rmse_to_true_reverse,12,0.038479325087452131,0.038613667693801507,0.03791367351123956,0.039099598532782651,0.037122875317829131,0.039317705164664721,,0.0032162185591018575,
nonstationary_joint,popov_ei,True,1760,1,1,,,2.5,1.5,joint_probe_real,12,0.19667293762379914,0.19699429636620283,0.19504545045203645,0.19852189375247162,0.19336672977901331,0.19941229651340148,0.18868518144529622,,
nonstationary_joint,popov_ei,True,1760,1,1,,,2.5,1.5,rff_mmd2_to_true_reverse,12,0.00068488087402268638,0.00068096936053030355,0.00065695048571609235,0.0007179439996513004,0.0006211295303146791,0.00073657618947764458,,-3.0918533056034647e-07,
nonstationary_joint,popov_ei,True,1760,2,2,,,0.5,0.25,joint_ecf_rmse_to_true_reverse,12,0.05961682641079135,0.059606684552714437,0.059280999209542495,0.059989623881262708,0.058965178429868988,0.060207642503165175,,0.0034964757981762857,
nonstationary_joint,popov_ei,True,1760,2,2,,,0.5,0.25,joint_probe_real,12,0.02348146232575718,0.023775325407548023,0.020888588201108525,0.026043408254244688,0.019088477666672793,0.02682888016333318,0.010121106338732092,,
nonstationary_joint,popov_ei,True,1760,2,2,,,0.5,0.25,rff_mmd2_to_true_reverse,12,0.00089644445897874936,0.00089553223512550684,0.00087927617800619639,0.00091445887738798252,0.00084990131876128139,0.00094716773963565704,,-1.4342974689052213e-06,
nonstationary_joint,popov_ei,True,1760,2,2,,,1.5,0.5,joint_ecf_rmse_to_true_reverse,12,0.073257599964037287,0.073314650859724384,0.072942859891301046,0.073558033512899496,0.072851619018300687,0.073666448420248998,,0.0033186250661594542,
nonstationary_joint,popov_ei,True,1760,2,2,,,1.5,0.5,joint_probe_real,12,0.18620987218077942,0.18696994856663973,0.18419577388454145,0.18799866441858004,0.18190566882512624,0.18821125897708718,0.12601614378469431,,
nonstationary_joint,popov_ei,True,1760,2,2,,,1.5,0.5,rff_mmd2_to_true_reverse,12,0.0030804040105987065,0.003043738513326899,0.0030209233000545142,0.003169168851437414,0.0029602545822297044,0.0032059446697816352,,3.7602512658607701e-06,
nonstationary_joint,popov_ei,True,1760,2,2,,,2.5,1.5,joint_ecf_rmse_to_true_reverse,12,0.070168707817831119,0.070196058277419149,0.069403956015781587,0.070895256832074011,0.069004978018123275,0.071345825130130672,,0.0032162185591018575,
nonstationary_joint,popov_ei,True,1760,2,2,,,2.5,1.5,joint_probe_real,12,0.22669168928438332,0.2265924610005558,0.22399686382912232,0.22906280540517762,0.22333517353990998,0.22992651930025601,0.18868518144529622,,
nonstationary_joint,popov_ei,True,1760,2,2,,,2.5,1.5,rff_mmd2_to_true_reverse,12,0.0027580322903611731,0.0027314263143753958,0.0026694116138289382,0.002879696498738813,0.0025940179311654266,0.0030034491959296528,,-3.0918533056034647e-07,
nonstationary_joint,popov_ei,True,3520,0.25,0.25,,,0.5,0.25,joint_ecf_rmse_to_true_reverse,12,0.054286882247700285,0.054212037598146634,0.053849915894921413,0.054671887752542864,0.053624851549614598,0.05520894525875393,,0.0034964757981762857,
nonstationary_joint,popov_ei,True,3520,0.25,0.25,,,0.5,0.25,joint_probe_real,12,0.013141410226526895,0.012461953234652429,0.010849396337415485,0.015059418682159396,0.010711176651172806,0.017839418031319908,0.010121106338732092,,
nonstationary_joint,popov_ei,True,3520,0.25,0.25,,,0.5,0.25,rff_mmd2_to_true_reverse,12,0.00050546214277460055,0.00050228465744528439,0.0004816839317506094,0.00053438783651773127,0.00047138658187861893,0.00055026408339664545,,-1.4342974689052213e-06,
nonstationary_joint,popov_ei,True,3520,0.25,0.25,,,1.5,0.5,joint_ecf_rmse_to_true_reverse,12,0.12301030402270681,0.123063794289481,0.12262793000072437,0.12339552845162498,0.12189230208420006,0.12404377067337671,,0.0033186250661594542,
nonstationary_joint,popov_ei,True,3520,0.25,0.25,,,1.5,0.5,joint_probe_real,12,0.1090487232667664,0.10935069462971009,0.10660350476617839,0.11112004809064335,0.10488608155697147,0.11307696982853407,0.12601614378469431,,
nonstationary_joint,popov_ei,True,3520,0.25,0.25,,,1.5,0.5,rff_mmd2_to_true_reverse,12,0.0047705584485135217,0.0047586596226296685,0.0046831721216130705,0.0048630917888463545,0.0046630993103717877,0.004933984060590868,,3.7602512658607701e-06,
nonstationary_joint,popov_ei,True,3520,0.25,0.25,,,2.5,1.5,joint_ecf_rmse_to_true_reverse,12,0.12655535034433443,0.12648793662640914,0.12621306136418331,0.12681739181257881,0.12593413217202204,0.12752700634396993,,0.0032162185591018575,
nonstationary_joint,popov_ei,True,3520,0.25,0.25,,,2.5,1.5,joint_probe_real,12,0.16487032364867371,0.16503337836431134,0.16190340197894304,0.1668037664095223,0.16121018564582912,0.17088353703375711,0.18868518144529622,,
nonstationary_joint,popov_ei,True,3520,0.25,0.25,,,2.5,1.5,rff_mmd2_to_true_reverse,12,0.005138131805654607,0.005151856420811618,0.0050656647905895054,0.0052164277573902322,0.0049749611020906137,0.0052480703188808597,,-3.0918533056034647e-07,
nonstationary_joint,popov_ei,True,3520,0.5,0.5,,,0.5,0.25,joint_ecf_rmse_to_true_reverse,12,0.038372745117980937,0.038323997088928405,0.037893651958436393,0.038654322482621871,0.037667043786836524,0.039880418805821327,,0.0034964757981762857,
nonstationary_joint,popov_ei,True,3520,0.5,0.5,,,0.5,0.25,joint_probe_real,12,0.013752218564367239,0.013781687381282503,0.010394877734726244,0.016088169573835208,0.0091405640512623367,0.019309107481759312,0.010121106338732092,,
nonstationary_joint,popov_ei,True,3520,0.5,0.5,,,0.5,0.25,rff_mmd2_to_true_reverse,12,0.00025863576400643001,0.00025340740967283448,0.00023962179561342722,0.00027686415374087668,0.00023559364846781339,0.00029710997305898434,,-1.4342974689052213e-06,
nonstationary_joint,popov_ei,True,3520,0.5,0.5,,,1.5,0.5,joint_ecf_rmse_to_true_reverse,12,0.074963699361274852,0.07482907832826706,0.074599735445074075,0.075709096813590393,0.073918509511162897,0.076016818651436155,,0.0033186250661594542,
nonstationary_joint,popov_ei,True,3520,0.5,0.5,,,1.5,0.5,joint_probe_real,12,0.12050245465736621,0.12013691891844185,0.11899188649746724,0.12230527928442447,0.11559706710961173,0.1251084243231925,0.12601614378469431,,
nonstationary_joint,popov_ei,True,3520,0.5,0.5,,,1.5,0.5,rff_mmd2_to_true_reverse,12,0.0020791587231398421,0.0020910852409716241,0.0020239772316785975,0.0021363279478984866,0.0019833654306410375,0.0021607809426787972,,3.7602512658607701e-06,
nonstationary_joint,popov_ei,True,3520,0.5,0.5,,,2.5,1.5,joint_ecf_rmse_to_true_reverse,12,0.078579725032341771,0.07857047141441717,0.078113971483380715,0.078901166085168298,0.077781346793908926,0.079918763724455638,,0.0032162185591018575,
nonstationary_joint,popov_ei,True,3520,0.5,0.5,,,2.5,1.5,joint_probe_real,12,0.17635585482139407,0.1770163072468259,0.17408674662856261,0.17810577162971222,0.17114797890214481,0.18146321656313397,0.18868518144529622,,
nonstationary_joint,popov_ei,True,3520,0.5,0.5,,,2.5,1.5,rff_mmd2_to_true_reverse,12,0.0022812225433643716,0.0022862769826780815,0.0022331694427607518,0.0023219650761597379,0.002187188398889317,0.0023723584434375278,,-3.0918533056034647e-07,
nonstationary_joint,popov_ei,True,3520,1,1,,,0.5,0.25,joint_ecf_rmse_to_true_reverse,12,0.026472901517466039,0.026397544993908492,0.025957044875721244,0.027212613942211215,0.025406231127405608,0.027318891851160303,,0.0034964757981762857,
nonstationary_joint,popov_ei,True,3520,1,1,,,0.5,0.25,joint_probe_real,12,0.0165962619930906,0.016562479306102475,0.014379974280272358,0.01951278377829143,0.010279722983271169,0.021319262036995829,0.010121106338732092,,
nonstationary_joint,popov_ei,True,3520,1,1,,,0.5,0.25,rff_mmd2_to_true_reverse,12,0.00014346756100098537,0.00014343598562932547,0.00012865353845302075,0.00015561280048782323,0.000124932538968614,0.0001581093831645175,,-1.4342974689052213e-06,
nonstationary_joint,popov_ei,True,3520,1,1,,,1.5,0.5,joint_ecf_rmse_to_true_reverse,12,0.034999488861439824,0.03498115330480981,0.034499992780195922,0.035528398525177494,0.033965161901588048,0.035681494496553126,,0.0033186250661594542,
nonstationary_joint,popov_ei,True,3520,1,1,,,1.5,0.5,joint_probe_real,12,0.1452943773416249,0.14644812067873256,0.14297521307764133,0.14778661469665991,0.13739783433692956,0.14885664086795522,0.12601614378469431,,
nonstationary_joint,popov_ei,True,3520,1,1,,,1.5,0.5,rff_mmd2_to_true_reverse,12,0.00050461099536505682,0.00049771663829856205,0.00047856371131731911,0.00052677747106576244,0.00046754605425702866,0.00056950397672272945,,3.7602512658607701e-06,
nonstationary_joint,popov_ei,True,3520,1,1,,,2.5,1.5,joint_ecf_rmse_to_true_reverse,12,0.038475234710658647,0.038608687526568597,0.037910393677871947,0.039095708242212729,0.037118357172748487,0.03931393923469248,,0.0032162185591018575,
nonstationary_joint,popov_ei,True,3520,1,1,,,2.5,1.5,joint_probe_real,12,0.196665069288257,0.19698606924930318,0.19503841495928823,0.19851501021385595,0.19335821628211178,0.19940356323619823,0.18868518144529622,,
nonstationary_joint,popov_ei,True,3520,1,1,,,2.5,1.5,rff_mmd2_to_true_reverse,12,0.00068474551724996091,0.00068080132743014721,0.00065682805887057327,0.00071776582049510207,0.0006210362295466787,0.00073644597198485595,,-3.0918533056034647e-07,
nonstationary_joint,popov_ei,True,3520,2,2,,,0.5,0.25,joint_ecf_rmse_to_true_reverse,12,0.059575647794367942,0.059565278730412702,0.059239393290937477,0.059948098922694426,0.058925183828421553,0.06016303987115218,,0.0034964757981762857,
nonstationary_joint,popov_ei,True,3520,2,2,,,0.5,0.25,joint_probe_real,12,0.023365389731189918,0.023660879640509502,0.020765827962502301,0.025918770139885097,0.018960773707449519,0.026739763667298098,0.010121106338732092,,
nonstationary_joint,popov_ei,True,3520,2,2,,,0.5,0.25,rff_mmd2_to_true_reverse,12,0.00089428198881070598,0.0008925663642561088,0.00087835178233365509,0.00091220593297752567,0.0008472540066810641,0.00094467180482227242,,-1.4342974689052213e-06,
nonstationary_joint,popov_ei,True,3520,2,2,,,1.5,0.5,joint_ecf_rmse_to_true_reverse,12,0.073267523818137004,0.073323623127006035,0.072952980490011185,0.073569378352737344,0.072863001249495726,0.07367674389379858,,0.0033186250661594542,
nonstationary_joint,popov_ei,True,3520,2,2,,,1.5,0.5,joint_probe_real,12,0.18614778302963597,0.18690944043617991,0.18412712211134866,0.1879430873071038,0.18184548004264869,0.18814529928598875,0.12601614378469431,,
nonstationary_joint,popov_ei,True,3520,2,2,,,1.5,0.5,rff_mmd2_to_true_reverse,12,0.0030795050630614087,0.0030429374147445953,0.0030205132477639962,0.003168286916229386,0.0029598548005291825,0.0032051825925748512,,3.7602512658607701e-06,
nonstationary_joint,popov_ei,True,3520,2,2,,,2.5,1.5,joint_ecf_rmse_to_true_reverse,12,0.070169954148381369,0.070198770466081598,0.069404305171723829,0.070896311398343431,0.069006169972195788,0.071347461150706393,,0.0032162185591018575,
nonstationary_joint,popov_ei,True,3520,2,2,,,2.5,1.5,joint_probe_real,12,0.22668547790353047,0.22658242351912802,0.22398779154515994,0.22905565261446015,0.22332568179592333,0.22992298340486056,0.18868518144529622,,
nonstationary_joint,popov_ei,True,3520,2,2,,,2.5,1.5,rff_mmd2_to_true_reverse,12,0.0027577619487426375,0.0027310205565950207,0.0026691398219334593,0.0028794634835836953,0.002593766206295478,0.0030032178016863309,,-3.0918533056034647e-07,
nonstationary_marginal,hybrid_ei_invalid,False,1760,0.5,1,,0.25,,,marginal_ecf_max_component_error,12,0.18297216637050781,0.18268031991369754,0.18016461787977819,0.18557999504570546,0.1798169988483358,0.18685693377843465,,,0.016570188324170745
nonstationary_marginal,hybrid_ei_invalid,False,1760,0.5,1,,0.25,,,marginal_ecf_rmse,12,0.12852285991786186,0.12878826923413086,0.12700880913927165,0.12938055463585763,0.12596622723035658,0.13181447770563415,,,0.016570188324170745
nonstationary_marginal,hybrid_ei_invalid,False,1760,0.5,1,,0.25,,,w1_to_exact_reference,12,0.46715562890417783,0.44421512668124552,0.41700729791843072,0.48165728556056375,0.41502668262938386,0.72700645597243518,,0.037977169829776274,
nonstationary_marginal,hybrid_ei_invalid,False,1760,0.5,1,,0.5,,,marginal_ecf_max_component_error,12,0.18830111040349082,0.18767973054193443,0.18666975740564459,0.19039610049897066,0.18604427105796073,0.19101885171428662,,,0.016570188324170745
nonstationary_marginal,hybrid_ei_invalid,False,1760,0.5,1,,0.5,,,marginal_ecf_rmse,12,0.12670318874525488,0.12649899169414508,0.12543883755693255,0.12820080249248286,0.12517156698797946,0.12861728065884837,,,0.016570188324170745
nonstationary_marginal,hybrid_ei_invalid,False,1760,0.5,1,,0.5,,,w1_to_exact_reference,12,0.55807383218340256,0.51213570745726955,0.49214179463407676,0.5384710416908679,0.48644699736900598,1.0798083123159123,,0.06116760758781533,
nonstationary_marginal,hybrid_ei_invalid,False,1760,0.5,1,,1.5,,,marginal_ecf_max_component_error,12,0.15785689145640067,0.15731355314224599,0.15559834158575289,0.16050881747302992,0.15390890525949502,0.16304683153077593,,,0.016570188324170745
nonstationary_marginal,hybrid_ei_invalid,False,1760,0.5,1,,1.5,,,marginal_ecf_rmse,12,0.10842615893072632,0.10857468676089835,0.10720234136293184,0.1094931431864061,0.10532814823725976,0.11141017958887256,,,0.016570188324170745
nonstationary_marginal,hybrid_ei_invalid,False,1760,0.5,1,,1.5,,,w1_to_exact_reference,12,0.66419222370663789,0.51178724772288464,0.49821500128771634,0.60552973750360894,0.47595870745616664,2.1037194916528557,,0.07333952108412567,
nonstationary_marginal,hybrid_ei_invalid,False,1760,0.5,1,,2.5,,,marginal_ecf_max_component_error,12,0.073103836343294468,0.073615476218713644,0.070981181037481147,0.075051017830794486,0.066116765595046867,0.077823259659651256,,,0.016570188324170745
nonstationary_marginal,hybrid_ei_invalid,False,1760,0.5,1,,2.5,,,marginal_ecf_rmse,12,0.051351752386454008,0.051520783788254837,0.050437769254605261,0.052722565371890281,0.046442637854620619,0.053770518393498681,,,0.016570188324170745
nonstationary_marginal,hybrid_ei_invalid,False,1760,0.5,1,,2.5,,,w1_to_exact_reference,12,0.52276153962470029,0.2815329880514712,0.24385641399373245,0.41009463947144076,0.23055314047472705,2.875877144619408,,0.081422508345685846,
nonstationary_marginal,hybrid_ei_invalid,False,3520,0.5,1,,0.25,,,marginal_ecf_max_component_error,12,0.18314815758438893,0.18285875767795273,0.18033697741620383,0.18575439152530035,0.17999117143811166,0.18703930357011386,,,0.016570188324170745
nonstationary_marginal,hybrid_ei_invalid,False,3520,0.5,1,,0.25,,,marginal_ecf_rmse,12,0.12855256655349814,0.12882131141345579,0.12703554622567573,0.12941158401369687,0.12599423526383277,0.13184150845964801,,,0.016570188324170745
nonstationary_marginal,hybrid_ei_invalid,False,3520,0.5,1,,0.25,,,w1_to_exact_reference,12,0.46702552894874189,0.44410573838086387,0.41690706961888163,0.48151374972329258,0.41494891971930059,0.72679245257416114,,0.037977169829776274,
nonstationary_marginal,hybrid_ei_invalid,False,3520,0.5,1,,0.5,,,marginal_ecf_max_component_error,12,0.18842519146894574,0.18781480398897715,0.18679555016295152,0.19052018157671835,0.18616451981553794,0.19113887450284839,,,0.016570188324170745
nonstationary_marginal,hybrid_ei_invalid,False,3520,0.5,1,,0.5,,,marginal_ecf_rmse,12,0.12674440492574598,0.12653841158007917,0.1254803727891167,0.12824014266834852,0.12521272427120345,0.12865918553293318,,,0.016570188324170745
nonstationary_marginal,hybrid_ei_invalid,False,3520,0.5,1,,0.5,,,w1_to_exact_reference,12,0.55797496077805775,0.51205884417602832,0.49208375192267151,0.53838585712092413,0.48636479414719325,1.0795650892112376,,0.06116760758781533,
nonstationary_marginal,hybrid_ei_invalid,False,3520,0.5,1,,1.5,,,marginal_ecf_max_component_error,12,0.15787635304656666,0.15731880884520189,0.15561850104135322,0.1605326376927769,0.15392913385337276,0.16306828381674687,,,0.016570188324170745
nonstationary_marginal,hybrid_ei_invalid,False,3520,0.5,1,,1.5,,,marginal_ecf_rmse,12,0.10843806233140267,0.10858503318723764,0.10721489531786613,0.10950525755744051,0.10534016498709314,0.11142276770946297,,,0.016570188324170745
nonstationary_marginal,hybrid_ei_invalid,False,3520,0.5,1,,1.5,,,w1_to_exact_reference,12,0.66413026653700047,0.51174817362226865,0.49816649501059257,0.60547019789132517,0.4759092183518579,2.1035029552263138,,0.07333952108412567,
nonstationary_marginal,hybrid_ei_invalid,False,3520,0.5,1,,2.5,,,marginal_ecf_max_component_error,12,0.073107548685871257,0.073629626794557895,0.070983338045477254,0.075053216399019906,0.066117120338143098,0.077825052687204355,,,0.016570188324170745
nonstationary_marginal,hybrid_ei_invalid,False,3520,0.5,1,,2.5,,,marginal_ecf_rmse,12,0.051352735786395647,0.051521932023759695,0.050438679443965323,0.052723529641541658,0.046443550990924704,0.053771492885947569,,,0.016570188324170745
nonstationary_marginal,hybrid_ei_invalid,False,3520,0.5,1,,2.5,,,w1_to_exact_reference,12,0.5227349451535569,0.28152182575169959,0.24384497337562586,0.41007875816746031,0.23054246015667551,2.87570190600945,,0.081422508345685846,
nonstationary_marginal,popov_ei,True,1760,0.25,0.25,,0.25,,,marginal_ecf_max_component_error,12,0.0056641371195129027,0.0054041549986786758,0.0042998017499034369,0.0072750069369881794,0.0026214320471261224,0.0090377236365761504,,,0.016570188324170745
nonstationary_marginal,popov_ei,True,1760,0.25,0.25,,0.25,,,marginal_ecf_rmse,12,0.0024278039759434967,0.0022811564321669879,0.0013986695682980058,0.0032481081452573161,0.0011692196034421853,0.0040634006804440362,,,0.016570188324170745
nonstationary_marginal,popov_ei,True,1760,0.25,0.25,,0.25,,,w1_to_exact_reference,12,0.058226895331416804,0.038910706246349583,0.024687527763135639,0.066375715542454139,0.019752648530821308,0.24161584320038837,,0.037977169829776274,
nonstationary_marginal,popov_ei,True,1760,0.25,0.25,,0.5,,,marginal_ecf_max_component_error,12,0.0061580892278603428,0.0058055233432132997,0.004297275482446801,0.007767222906079908,0.0033380207445299109,0.011453203793127132,,,0.016570188324170745
nonstationary_marginal,popov_ei,True,1760,0.25,0.25,,0.5,,,marginal_ecf_rmse,12,0.0024808855152028647,0.0024406093749659236,0.0017559524504806281,0.0033480176196117374,0.000959672738061294,0.0039541353347765078,,,0.016570188324170745
nonstationary_marginal,popov_ei,True,1760,0.25,0.25,,0.5,,,w1_to_exact_reference,12,0.088656703997212358,0.049824416048016101,0.036528254047104275,0.097436247679822424,0.031616857018915388,0.41546336006710893,,0.06116760758781533,
nonstationary_marginal,popov_ei,True,1760,0.25,0.25,,1.5,,,marginal_ecf_max_component_error,12,0.0063088536239936099,0.0061482898336382976,0.0048892404216673811,0.0072870898841481463,0.0044522797683953907,0.0093588878021385411,,,0.016570188324170745
nonstationary_marginal,popov_ei,True,1760,0.25,0.25,,1.5,,,marginal_ecf_rmse,12,0.0028674500621641997,0.0026678999367125153,0.0021644136551883641,0.0036419245781917809,0.0016585028711436228,0.0044821245492391755,,,0.016570188324170745
nonstationary_marginal,popov_ei,True,1760,0.25,0.25,,1.5,,,w1_to_exact_reference,12,0.15105039228469924,0.066717529965890379,0.048819446017605884,0.14685409505071817,0.045370539442658384,0.84655827675208939,,0.07333952108412567,
nonstationary_marginal,popov_ei,True,1760,0.25,0.25,,2.5,,,marginal_ecf_max_component_error,12,0.0064759940260562124,0.0061560151473895458,0.0048264561965955747,0.0084135139680442551,0.0039401226063903597,0.010056959245115425,,,0.016570188324170745
nonstationary_marginal,popov_ei,True,1760,0.25,0.25,,2.5,,,marginal_ecf_rmse,12,0.0028796008085568716,0.0026380345822213909,0.0021062940656066034,0.0036290625133932435,0.001481917961844737,0.0054516375064094314,,,0.016570188324170745
nonstationary_marginal,popov_ei,True,1760,0.25,0.25,,2.5,,,w1_to_exact_reference,12,0.20055858900779241,0.091958750516890453,0.068683734516361283,0.19087307907665829,0.055453343617842085,1.1257045295321066,,0.081422508345685846,
nonstationary_marginal,popov_ei,True,1760,0.5,0.5,,0.25,,,marginal_ecf_max_component_error,12,0.0056303089071549082,0.0055445691635859287,0.0043527297927651552,0.0068277229016372072,0.0032900735232324063,0.0085325805898020992,,,0.016570188324170745
nonstationary_marginal,popov_ei,True,1760,0.5,0.5,,0.25,,,marginal_ecf_rmse,12,0.0027990202023573832,0.0026567150835658951,0.0022773564964898869,0.0035113344787355218,0.0013698505807553374,0.0041482619627732833,,,0.016570188324170745
nonstationary_marginal,popov_ei,True,1760,0.5,0.5,,0.25,,,w1_to_exact_reference,12,0.053505112995299441,0.040988038667669945,0.025610499936414462,0.056787599791939841,0.020878115603612808,0.20592209116204688,,0.037977169829776274,
nonstationary_marginal,popov_ei,True,1760,0.5,0.5,,0.5,,,marginal_ecf_max_component_error,12,0.0059573374453451055,0.0058067373091060838,0.004809212855086082,0.0064015644084800859,0.0038164223638440121,0.010612773287232542,,,0.016570188324170745
nonstationary_marginal,popov_ei,True,1760,0.5,0.5,,0.5,,,marginal_ecf_rmse,12,0.0027328168833951395,0.0029229229702600859,0.001872684844064281,0.0033508652103899804,0.0015833882328370155,0.0034071402101179442,,,0.016570188324170745
nonstationary_marginal,popov_ei,True,1760,0.5,0.5,,0.5,,,w1_to_exact_reference,12,0.086155744256635927,0.053888635861123579,0.044077308559063388,0.089927926891016557,0.031503031473442591,0.4017663491796224,,0.06116760758781533,
nonstationary_marginal,popov_ei,True,1760,0.5,0.5,,1.5,,,marginal_ecf_max_component_error,12,0.0057862703947735355,0.0057456121461068677,0.0047062193411657131,0.0070210658070777405,0.0034048219136093016,0.0085962313304807705,,,0.016570188324170745
nonstationary_marginal,popov_ei,True,1760,0.5,0.5,,1.5,,,marginal_ecf_rmse,12,0.0030082816463243996,0.0029195326789663691,0.0023484992875327077,0.0040262466164253195,0.0017174283595057173,0.0043884314421743162,,,0.016570188324170745
nonstationary_marginal,popov_ei,True,1760,0.5,0.5,,1.5,,,w1_to_exact_reference,12,0.16313204134150347,0.068371649223899628,0.050654877985878165,0.12810279805612301,0.045005433890845839,1.0511156018614589,,0.07333952108412567,
nonstationary_marginal,popov_ei,True,1760,0.5,0.5,,2.5,,,marginal_ecf_max_component_error,12,0.006112871820921943,0.0056011152255080344,0.0046977308082447921,0.0071544879906865425,0.003933756778449482,0.010318600232937829,,,0.016570188324170745
nonstationary_marginal,popov_ei,True,1760,0.5,0.5,,2.5,,,marginal_ecf_rmse,12,0.0029114448034556779,0.0026818422402339792,0.0022174042554709483,0.003310163662895368,0.0018311417974533678,0.0060084958825624476,,,0.016570188324170745
nonstationary_marginal,popov_ei,True,1760,0.5,0.5,,2.5,,,w1_to_exact_reference,12,0.24525539737572422,0.089287492182973993,0.068145555097949284,0.18046527667418433,0.051771834476083745,1.6991157680176885,,0.081422508345685846,
nonstationary_marginal,popov_ei,True,1760,1,1,,0.25,,,marginal_ecf_max_component_error,12,0.0057224451869610079,0.0055045136469058162,0.0037317372619417575,0.0083625844144024561,0.0029203629739510129,0.009219797423156921,,,0.016570188324170745
nonstationary_marginal,popov_ei,True,1760,1,1,,0.25,,,marginal_ecf_rmse,12,0.0023696330444027791,0.002257559851156464,0.0013335566811962971,0.0033234521918210358,0.001182139303475622,0.0047470042106802736,,,0.016570188324170745
nonstationary_marginal,popov_ei,True,1760,1,1,,0.25,,,w1_to_exact_reference,12,0.045467863509318064,0.036513913472670835,0.027258995103882227,0.063066314061131015,0.020511387976035966,0.10097743107176263,,0.037977169829776274,
nonstationary_marginal,popov_ei,True,1760,1,1,,0.5,,,marginal_ecf_max_component_error,12,0.006006023595287493,0.0051955191468941843,0.0046909590367613212,0.0078081407972656969,0.003908163180072699,0.008991623548699576,,,0.016570188324170745
nonstationary_marginal,popov_ei,True,1760,1,1,,0.5,,,marginal_ecf_rmse,12,0.0026361962710693011,0.0026900982264693404,0.0019057280074349855,0.0031787669883769874,0.0017026442753561566,0.003749166173889457,,,0.016570188324170745
nonstationary_marginal,popov_ei,True,1760,1,1,,0.5,,,w1_to_exact_reference,12,0.073025072350408851,0.052679695859019909,0.047074498477174292,0.076794969016163978,0.034446620394764954,0.2521731479729587,,0.06116760758781533,
nonstationary_marginal,popov_ei,True,1760,1,1,,1.5,,,marginal_ecf_max_component_error,12,0.0069232988012225194,0.0064269223562903009,0.0053638039980987177,0.0077358698272730238,0.004388504225090132,0.013047007432690402,,,0.016570188324170745
nonstationary_marginal,popov_ei,True,1760,1,1,,1.5,,,marginal_ecf_rmse,12,0.0031608210726502533,0.0030707994893298366,0.0020318537805977077,0.004315051985190675,0.0018492402841794669,0.0053231893414112646,,,0.016570188324170745
nonstationary_marginal,popov_ei,True,1760,1,1,,1.5,,,w1_to_exact_reference,12,0.15942540737027797,0.072302604061226419,0.047426221706098087,0.11286450908295773,0.046922135499646217,1.0696668704099759,,0.07333952108412567,
nonstationary_marginal,popov_ei,True,1760,1,1,,2.5,,,marginal_ecf_max_component_error,12,0.0063284427178997398,0.0055752444827184095,0.004857915724774009,0.0085890922845426182,0.0045956947551544884,0.0091905375046176657,,,0.016570188324170745
nonstationary_marginal,popov_ei,True,1760,1,1,,2.5,,,marginal_ecf_rmse,12,0.0029458901881308885,0.0026606723706279426,0.0022818554112466016,0.0032681327046437201,0.0018708869138698676,0.0059345915482551005,,,0.016570188324170745
nonstationary_marginal,popov_ei,True,1760,1,1,,2.5,,,w1_to_exact_reference,12,0.30892632837151285,0.088063835208778668,0.066678292401084027,0.17059969501253561,0.047854138999792004,2.5131820943881018,,0.081422508345685846,
nonstationary_marginal,popov_ei,True,1760,2,2,,0.25,,,marginal_ecf_max_component_error,12,0.0049283056444204103,0.0047824423116016104,0.0039919158382797082,0.0058432859101914892,0.003501777440226542,0.0073228394346673302,,,0.016570188324170745
nonstationary_marginal,popov_ei,True,1760,2,2,,0.25,,,marginal_ecf_rmse,12,0.0023901926521731928,0.0021511895358999867,0.0018680131138199159,0.0029678378523955266,0.0016420770663767138,0.00383330696231539,,,0.016570188324170745
nonstationary_marginal,popov_ei,True,1760,2,2,,0.25,,,w1_to_exact_reference,12,0.041167548810324042,0.032556372603655383,0.024649987738692779,0.050087754742453597,0.018509773227260964,0.11309296066030511,,0.037977169829776274,
nonstationary_marginal,popov_ei,True,1760,2,2,,0.5,,,marginal_ecf_max_component_error,12,0.0049952581815170078,0.00447289168960397,0.0036784147980681203,0.0072518498603182067,0.0022048063512952396,0.0076820105827918039,,,0.016570188324170745
nonstationary_marginal,popov_ei,True,1760,2,2,,0.5,,,marginal_ecf_rmse,12,0.0021675962720554714,0.0019646713678315797,0.0015194225830744994,0.0024708528748565951,0.0013046725677057878,0.0046468752790304975,,,0.016570188324170745
nonstationary_marginal,popov_ei,True,1760,2,2,,0.5,,,w1_to_exact_reference,12,0.061905853435597756,0.061975879207610961,0.046124783648822859,0.079353870760608264,0.031345899116552806,0.091969610703227955,,0.06116760758781533,
nonstationary_marginal,popov_ei,True,1760,2,2,,1.5,,,marginal_ecf_max_component_error,12,0.0062620478166026498,0.006276113852644101,0.0054495512514341343,0.0071726692095626671,0.0044346033958482141,0.0077478647614052758,,,0.016570188324170745
nonstationary_marginal,popov_ei,True,1760,2,2,,1.5,,,marginal_ecf_rmse,12,0.0031611900567684579,0.0030944173490389422,0.0018725821786419311,0.0042765029690775402,0.001223476815078665,0.0053550798718684694,,,0.016570188324170745
nonstationary_marginal,popov_ei,True,1760,2,2,,1.5,,,w1_to_exact_reference,12,0.12217418420380112,0.068650656980508734,0.048782438573414272,0.09360791906409402,0.043214554220637989,0.71146508091088101,,0.07333952108412567,
nonstationary_marginal,popov_ei,True,1760,2,2,,2.5,,,marginal_ecf_max_component_error,12,0.0057177738527293799,0.0060844905327366279,0.0043773843545216228,0.0065850748134069883,0.0029697979929170135,0.0076220984109840739,,,0.016570188324170745
nonstationary_marginal,popov_ei,True,1760,2,2,,2.5,,,marginal_ecf_rmse,12,0.0028550263097472501,0.0028861750698005277,0.0016840086139469387,0.0035634912171088723,0.0013916332302691718,0.0055001200438244864,,,0.016570188324170745
nonstationary_marginal,popov_ei,True,1760,2,2,,2.5,,,w1_to_exact_reference,12,0.38608681788777316,0.082397492706558634,0.059125000480599502,0.16880799412168362,0.048365871411996844,3.5302777490107817,,0.081422508345685846,
nonstationary_marginal,popov_ei,True,3520,0.25,0.25,,0.25,,,marginal_ecf_max_component_error,12,0.0056435313352567948,0.0055577670583554159,0.0040305067890541117,0.0070894944025031428,0.00274419780612839,0.0090183752778842941,,,0.016570188324170745
nonstationary_marginal,popov_ei,True,3520,0.25,0.25,,0.25,,,marginal_ecf_rmse,12,0.0024215926086582043,0.0022918596717673477,0.0014416898919893406,0.0032119297282193846,0.0012259907311285123,0.0040067098168879139,,,0.016570188324170745
nonstationary_marginal,popov_ei,True,3520,0.25,0.25,,0.25,,,w1_to_exact_reference,12,0.058193755850575069,0.038809887945806386,0.024643471303394931,0.066352155116132586,0.019784999342017003,0.24164104600922304,,0.037977169829776274,
nonstationary_marginal,popov_ei,True,3520,0.25,0.25,,0.5,,,marginal_ecf_max_component_error,12,0.0061876765387550671,0.0057230838583716571,0.004401801774717916,0.0078761896769780314,0.0033698777360047492,0.011451738513385479,,,0.016570188324170745
nonstationary_marginal,popov_ei,True,3520,0.25,0.25,,0.5,,,marginal_ecf_rmse,12,0.0024741440042554924,0.0023957799749904857,0.0018082122059319304,0.003335368290349736,0.0010213680337839558,0.0038977444563112222,,,0.016570188324170745
nonstationary_marginal,popov_ei,True,3520,0.25,0.25,,0.5,,,w1_to_exact_reference,12,0.088651888897227318,0.049841420659749738,0.03662617947575636,0.097464542857965852,0.031620244474384551,0.41544615125998868,,0.06116760758781533,
nonstationary_marginal,popov_ei,True,3520,0.25,0.25,,1.5,,,marginal_ecf_max_component_error,12,0.0063101319514651628,0.0061668790452641094,0.0048772604060513839,0.0072574532555272301,0.0044527855356979893,0.0093598457119421097,,,0.016570188324170745
nonstationary_marginal,popov_ei,True,3520,0.25,0.25,,1.5,,,marginal_ecf_rmse,12,0.0028689889018711765,0.0026841644360000626,0.0021664299494913554,0.0036352394952917991,0.0016481124237212165,0.004493394469516257,,,0.016570188324170745
nonstationary_marginal,popov_ei,True,3520,0.25,0.25,,1.5,,,w1_to_exact_reference,12,0.1510459960986256,0.066718675758826285,0.048804599275526953,0.14686374297855928,0.045362556183850225,0.84647863733106121,,0.07333952108412567,
nonstationary_marginal,popov_ei,True,3520,0.25,0.25,,2.5,,,marginal_ecf_max_component_error,12,0.00647788616163946,0.0061581040779832329,0.0048286917618313805,0.0084116466207945478,0.0039414746328744503,0.01005800160530404,,,0.016570188324170745
nonstationary_marginal,popov_ei,True,3520,0.25,0.25,,2.5,,,marginal_ecf_rmse,12,0.0028795179960977267,0.0026375911188852561,0.0021065113730254791,0.0036281945341624889,0.0014820658424868354,0.0054509538814597209,,,0.016570188324170745
nonstationary_marginal,popov_ei,True,3520,0.25,0.25,,2.5,,,w1_to_exact_reference,12,0.20055196449203319,0.091955343327467257,0.068679431403607147,0.19087089685056075,0.055449122134652626,1.1256459843308018,,0.081422508345685846,
nonstationary_marginal,popov_ei,True,3520,0.5,0.5,,0.25,,,marginal_ecf_max_component_error,12,0.0055900461844141181,0.0052912258023401909,0.004210877953627303,0.0068999089866029527,0.0032336485386146169,0.0085136725565266788,,,0.016570188324170745
nonstationary_marginal,popov_ei,True,3520,0.5,0.5,,0.25,,,marginal_ecf_rmse,12,0.0028043353719611193,0.0026427687389678428,0.0022920493429678043,0.0034983342299294072,0.0015204981534787025,0.0041001876895136935,,,0.016570188324170745
nonstationary_marginal,popov_ei,True,3520,0.5,0.5,,0.25,,,w1_to_exact_reference,12,0.053480882347844455,0.040984417506357979,0.025571086116268921,0.056524591075181818,0.020795517210815555,0.20595150884137778,,0.037977169829776274,
nonstationary_marginal,popov_ei,True,3520,0.5,0.5,,0.5,,,marginal_ecf_max_component_error,12,0.0059725308395229063,0.0058881228448055822,0.0048340914739350652,0.0065401670772814004,0.0038281666671889404,0.010603922215737516,,,0.016570188324170745
nonstationary_marginal,popov_ei,True,3520,0.5,0.5,,0.5,,,marginal_ecf_rmse,12,0.0027355444226745134,0.0029405387175195446,0.0017964653347190378,0.0033079980253222139,0.0016559785886378639,0.0034786962387171488,,,0.016570188324170745
nonstationary_marginal,popov_ei,True,3520,0.5,0.5,,0.5,,,w1_to_exact_reference,12,0.086191125506825547,0.053885949839094359,0.044143058463521193,0.090019442650605463,0.031702648739972722,0.40177128180211263,,0.06116760758781533,
nonstationary_marginal,popov_ei,True,3520,0.5,0.5,,1.5,,,marginal_ecf_max_component_error,12,0.005790928655972606,0.0057619203148826107,0.0047006805514727169,0.0070200043438783891,0.0034364203173757324,0.0086105877755130004,,,0.016570188324170745
nonstationary_marginal,popov_ei,True,3520,0.5,0.5,,1.5,,,marginal_ecf_rmse,12,0.0030154998070380246,0.0029230440062491467,0.0023524092868097857,0.0040226532389721183,0.0017319032171252008,0.0043988924108587461,,,0.016570188324170745
nonstationary_marginal,popov_ei,True,3520,0.5,0.5,,1.5,,,w1_to_exact_reference,12,0.16312917377740549,0.068395534010976727,0.050649048795808706,0.12811782100032668,0.044984765320352428,1.0510171580714691,,0.07333952108412567,
nonstationary_marginal,popov_ei,True,3520,0.5,0.5,,2.5,,,marginal_ecf_max_component_error,12,0.0061110448787239828,0.0055930030830242897,0.0046995980336620663,0.0071521565767648995,0.0039352149409087687,0.010317511094714193,,,0.016570188324170745
nonstationary_marginal,popov_ei,True,3520,0.5,0.5,,2.5,,,marginal_ecf_rmse,12,0.0029108952496757975,0.002681848320625119,0.0022169679319405454,0.0033099266006033539,0.0018303112178493077,0.0060074646753680303,,,0.016570188324170745
nonstationary_marginal,popov_ei,True,3520,0.5,0.5,,2.5,,,w1_to_exact_reference,12,0.24524457574103398,0.089291168851965932,0.06814028331263644,0.18045898482369943,0.051768092543304389,1.6990104102168868,,0.081422508345685846,
nonstationary_marginal,popov_ei,True,3520,1,1,,0.25,,,marginal_ecf_max_component_error,12,0.0055511646097264411,0.0050316421368944847,0.0034629633099299497,0.0081887841853704301,0.0029783523442359211,0.0089972456547245463,,,0.016570188324170745
nonstationary_marginal,popov_ei,True,3520,1,1,,0.25,,,marginal_ecf_rmse,12,0.0023367835018656266,0.0022656456519465789,0.0013685514469441314,0.003181012459004835,0.0010024568423056424,0.0047741959294765645,,,0.016570188324170745
nonstationary_marginal,popov_ei,True,3520,1,1,,0.25,,,w1_to_exact_reference,12,0.045439996158902318,0.036476979616578573,0.027320610292710715,0.062922728430292826,0.020572918352600628,0.10105855527361197,,0.037977169829776274,
nonstationary_marginal,popov_ei,True,3520,1,1,,0.5,,,marginal_ecf_max_component_error,12,0.0059390546368775542,0.005300782693221328,0.00456386068056726,0.007657171154914353,0.0036419937993395352,0.0090187198786373414,,,0.016570188324170745
nonstationary_marginal,popov_ei,True,3520,1,1,,0.5,,,marginal_ecf_rmse,12,0.0026446921540791541,0.002642227785855762,0.0018570197767716421,0.0032291302965785406,0.0016901736443790266,0.0038191521232654609,,,0.016570188324170745
nonstationary_marginal,popov_ei,True,3520,1,1,,0.5,,,w1_to_exact_reference,12,0.073040688828165001,0.052711181865453635,0.047056462571157857,0.0767705366805429,0.034546249127570254,0.25217340920835141,,0.06116760758781533,
nonstationary_marginal,popov_ei,True,3520,1,1,,1.5,,,marginal_ecf_max_component_error,12,0.0069301154334035255,0.0064514225923609763,0.0053832033201361429,0.0077448211739221118,0.0044200248690028296,0.013045917319144968,,,0.016570188324170745
nonstationary_marginal,popov_ei,True,3520,1,1,,1.5,,,marginal_ecf_rmse,12,0.0031673948165097747,0.0030883201743328644,0.0020226682015241399,0.0043238039734383874,0.0018536423523114601,0.0053333137068841832,,,0.016570188324170745
nonstationary_marginal,popov_ei,True,3520,1,1,,1.5,,,w1_to_exact_reference,12,0.15942633569755585,0.07232808145472841,0.047425599671304455,0.11286167887314683,0.046947852978026033,1.0695539152952465,,0.07333952108412567,
nonstationary_marginal,popov_ei,True,3520,1,1,,2.5,,,marginal_ecf_max_component_error,12,0.0063277453840064639,0.0055740930019068449,0.0048543256364255039,0.008588200983369822,0.0045944482059560761,0.0091891965477326025,,,0.016570188324170745
nonstationary_marginal,popov_ei,True,3520,1,1,,2.5,,,marginal_ecf_rmse,12,0.0029444833798967338,0.0026595363061567897,0.0022824665168033925,0.0032656484183643756,0.0018685744110183192,0.0059327236729104296,,,0.016570188324170745
nonstationary_marginal,popov_ei,True,3520,1,1,,2.5,,,w1_to_exact_reference,12,0.3089068147041879,0.088068469395170462,0.066671318991793141,0.17059007275345417,0.047853163326018314,2.5129791122540253,,0.081422508345685846,
nonstationary_marginal,popov_ei,True,3520,2,2,,0.25,,,marginal_ecf_max_component_error,12,0.0048341528828274695,0.0046622836017630176,0.003765011462959259,0.0056106826810751048,0.0032648628016522172,0.0073300724294274944,,,0.016570188324170745
nonstationary_marginal,popov_ei,True,3520,2,2,,0.25,,,marginal_ecf_rmse,12,0.0023628771984234246,0.0021624419376149676,0.0018383107846045349,0.0029231329476416663,0.0016654374178302065,0.0037975546955788999,,,0.016570188324170745
nonstationary_marginal,popov_ei,True,3520,2,2,,0.25,,,w1_to_exact_reference,12,0.041198177719734379,0.032540586664297114,0.024916525494886207,0.050098379117126203,0.018654641121421647,0.11272979185643646,,0.037977169829776274,
nonstationary_marginal,popov_ei,True,3520,2,2,,0.5,,,marginal_ecf_max_component_error,12,0.0049575561240838796,0.0042676947717408872,0.0037107870670529839,0.0071879218782513552,0.0023653067253089355,0.007424368574678715,,,0.016570188324170745
nonstationary_marginal,popov_ei,True,3520,2,2,,0.5,,,marginal_ecf_rmse,12,0.0021543587535191298,0.0019570336523993372,0.001469156508808253,0.002423545785534123,0.0013209871745934328,0.0047674810321436207,,,0.016570188324170745
nonstationary_marginal,popov_ei,True,3520,2,2,,0.5,,,w1_to_exact_reference,12,0.06190376070789496,0.062093455878248723,0.046130518003300251,0.079254409174104382,0.031196764372272787,0.092058286622264188,,0.06116760758781533,
nonstationary_marginal,popov_ei,True,3520,2,2,,1.5,,,marginal_ecf_max_component_error,12,0.0062632074752266296,0.0062698151693626955,0.0054206724748822009,0.0071698328779504833,0.00445722308536004,0.0077862366262131388,,,0.016570188324170745
nonstationary_marginal,popov_ei,True,3520,2,2,,1.5,,,marginal_ecf_rmse,12,0.0031636761717708864,0.0031088870184454945,0.0018713538465462379,0.0042585140223127338,0.0012342087920745614,0.0053730241949968916,,,0.016570188324170745
nonstationary_marginal,popov_ei,True,3520,2,2,,1.5,,,w1_to_exact_reference,12,0.12218181870059702,0.068705194939384095,0.048748308173611872,0.093629141986813283,0.043256669343118337,0.71141298793198415,,0.07333952108412567,
nonstationary_marginal,popov_ei,True,3520,2,2,,2.5,,,marginal_ecf_max_component_error,12,0.0057170474325642859,0.0060880370598308852,0.0043771251922153061,0.0065869358183813561,0.002954962208726587,0.0076170601685826289,,,0.016570188324170745
nonstationary_marginal,popov_ei,True,3520,2,2,,2.5,,,marginal_ecf_rmse,12,0.0028536285582005157,0.0028860910694355497,0.0016847616021630559,0.0035616515732015399,0.0013901376458951265,0.005496251752128198,,,0.016570188324170745
nonstationary_marginal,popov_ei,True,3520,2,2,,2.5,,,w1_to_exact_reference,12,0.38604988283054226,0.082402636101221532,0.059116473411413704,0.16879163294327365,0.048362720862958883,3.5298742183061802,,0.081422508345685846,
stationary,exact_transition,True,0,0.25,0.25,0.25,,,,joint_ecf_max_component_error_to_analytic_popov,12,0.0031543613455940092,0.0033536158694363301,0.0024171333722293117,0.003659466256651697,0.0022305725748639677,0.0040379185140459609,,,
stationary,exact_transition,True,0,0.25,0.25,0.25,,,,joint_ecf_rmse_to_analytic_popov,12,0.0014751471344392581,0.001432362586748163,0.0011752159188598433,0.0017372243078851014,0.0010096131706041009,0.0023539731887197201,,,
stationary,exact_transition,True,0,0.25,0.25,0.25,,,,joint_probe_abs_error_to_analytic_popov,12,0.0016208144740461293,0.0013840247144756659,0.0010763261065084204,0.0023265790699534585,0.00038986474241740063,0.0033433727325304185,0.16183484716841454,,
stationary,exact_transition,True,0,0.25,0.25,0.25,,,,joint_probe_real,12,0.16141758025660513,0.16167073064928847,0.16038372002468992,0.16245272915093642,0.15870447479476005,0.16302666536904889,0.16183484716841454,0.1680271560414219,
stationary,exact_transition,True,0,0.25,0.25,0.25,,,,marginal_ecf_max_component_error_initial,12,0.0026655604777628093,0.002658406261045596,0.0021436762532655511,0.0031754915392677406,0.0019369462113535084,0.0034830255289129996,,,0.0082850941620853727
stationary,exact_transition,True,0,0.25,0.25,0.25,,,,marginal_ecf_max_component_error_terminal,12,0.0028828816948114678,0.0028002574725882953,0.0022115349481177746,0.003667368742546636,0.0018866795436153763,0.0038734184704542346,,,0.0082850941620853727
stationary,exact_transition,True,0,0.25,0.25,0.25,,,,marginal_ecf_rmse_initial,12,0.0012007836670293913,0.0011214925183427307,0.00090725756387710632,0.0013961573146398186,0.00085837947416218135,0.0020334119050524372,,,0.0082850941620853727
stationary,exact_transition,True,0,0.25,0.25,0.25,,,,marginal_ecf_rmse_terminal,12,0.0013336243887221311,0.0012218339529215141,0.00098371751957246779,0.0015474238553952655,0.00096290358642986981,0.0023513370866083965,,,0.0082850941620853727
stationary,exact_transition,True,0,0.25,0.25,0.5,,,,joint_ecf_max_component_error_to_analytic_popov,12,0.0033443640977056936,0.0032757196527681393,0.0028319768753184587,0.0038095960011089048,0.0027517836209114376,0.004394884615837813,,,
stationary,exact_transition,True,0,0.25,0.25,0.5,,,,joint_ecf_rmse_to_analytic_popov,12,0.0015262843679287501,0.0015865768390573131,0.0011608230188907261,0.0018858147003249811,0.00097726420578516521,0.0020049431206609529,,,
stationary,exact_transition,True,0,0.25,0.25,0.5,,,,joint_probe_abs_error_to_analytic_popov,12,0.0019567987162055966,0.002130664531342444,0.0012351435142869327,0.0024969204480662925,0.0011228098761350736,0.0033054445057407729,0.16435795444931717,,
stationary,exact_transition,True,0,0.25,0.25,0.5,,,,joint_probe_real,12,0.16482558774351844,0.16474138939902844,0.16386324013581477,0.16586924614110074,0.16321842104578912,0.16656992387071054,0.16435795444931717,0.17635424834318841,
stationary,exact_transition,True,0,0.25,0.25,0.5,,,,marginal_ecf_max_component_error_initial,12,0.0030795635473264238,0.0030673075309185296,0.0025017607144490897,0.0035857941628822288,0.0023946340659099048,0.004385713551206134,,,0.0082850941620853727
stationary,exact_transition,True,0,0.25,0.25,0.5,,,,marginal_ecf_max_component_error_terminal,12,0.002876811567142919,0.0029948457283754597,0.0022713801141315362,0.0033502772646333669,0.0020873324558849447,0.0034884276655500848,,,0.0082850941620853727
stationary,exact_transition,True,0,0.25,0.25,0.5,,,,marginal_ecf_rmse_initial,12,0.0012247112635510409,0.0012205271867677904,0.00082758061846103419,0.0016033580991331121,0.00061919392273619288,0.0020165747044968191,,,0.0082850941620853727
stationary,exact_transition,True,0,0.25,0.25,0.5,,,,marginal_ecf_rmse_terminal,12,0.0012794164221673452,0.0013403645167042817,0.00086237908436412845,0.0016314281672412442,0.00075188521786844452,0.001823693578779212,,,0.0082850941620853727
stationary,exact_transition,True,0,0.25,0.25,1,,,,joint_ecf_max_component_error_to_analytic_popov,12,0.0037425196317234202,0.0034899687503048794,0.0030712115195816931,0.004332423357119258,0.0028207410370350711,0.0056948762296482004,,,
stationary,exact_transition,True,0,0.25,0.25,1,,,,joint_ecf_rmse_to_analytic_popov,12,0.0018210272291155165,0.0016499731631505867,0.0013448752618618895,0.0022817816780585612,0.0012582476837649898,0.0028378560034996825,,,
stationary,exact_transition,True,0,0.25,0.25,1,,,,joint_probe_abs_error_to_analytic_popov,12,0.0017802232615316247,0.0015289313543510557,0.00095288458936226654,0.0027986842071592031,0.00023609384427287591,0.0040116550852639776,0.16929251064426912,,
stationary,exact_transition,True,0,0.25,0.25,1,,,,joint_probe_real,12,0.16886990500602905,0.16913555905463457,0.16745501917585937,0.17022092182734302,0.1666998230322394,0.17167063365402888,0.16929251064426912,0.19160609663959446,
stationary,exact_transition,True,0,0.25,0.25,1,,,,marginal_ecf_max_component_error_initial,12,0.0030959293557316797,0.0028515897086242884,0.0021152832050813065,0.0039115694363050782,0.001793926102917539,0.0059705214417454149,,,0.0082850941620853727
stationary,exact_transition,True,0,0.25,0.25,1,,,,marginal_ecf_max_component_error_terminal,12,0.0031007849809740039,0.0030436343122357641,0.0020958536677695302,0.0038557437876151242,0.0017502752778306083,0.0057174130979738601,,,0.0082850941620853727
stationary,exact_transition,True,0,0.25,0.25,1,,,,marginal_ecf_rmse_initial,12,0.0015723720308185992,0.001527033167013101,0.0010963519423961444,0.0018923855674039109,0.00076128283442710766,0.0029702918392566684,,,0.0082850941620853727
stationary,exact_transition,True,0,0.25,0.25,1,,,,marginal_ecf_rmse_terminal,12,0.0015324754419407895,0.0013060446058668854,0.00099339323138913894,0.0020781112185932322,0.00074864183710254611,0.0030216872512787113,,,0.0082850941620853727
stationary,exact_transition,True,0,0.5,0.5,0.25,,,,joint_ecf_max_component_error_to_analytic_popov,12,0.0033451938017545414,0.0032536631299057836,0.0027585546426918731,0.0039821295319513658,0.0025530646638293399,0.0042506210689201192,,,
stationary,exact_transition,True,0,0.5,0.5,0.25,,,,joint_ecf_rmse_to_analytic_popov,12,0.0015244349206105191,0.0014079819502435188,0.0011997404051004499,0.0017622630491091514,0.0011056039530533133,0.0024938278520569967,,,
stationary,exact_transition,True,0,0.5,0.5,0.25,,,,joint_probe_abs_error_to_analytic_popov,12,0.0016854309439393658,0.0015556859558709226,0.00095112876687546469,0.0024589528763768586,0.00038811214619426099,0.0033305247692633536,0.16435795444931717,,
stationary,exact_transition,True,0,0.5,0.5,0.25,,,,joint_probe_real,12,0.16397746004333427,0.1640307456384551,0.16285991945772216,0.16502921827773909,0.16124034256640038,0.16581777631121605,0.16435795444931717,0.1680271560414219,
stationary,exact_transition,True,0,0.5,0.5,0.25,,,,marginal_ecf_max_component_error_initial,12,0.0026655604777628093,0.002658406261045596,0.0021436762532655511,0.0031754915392677406,0.0019369462113535084,0.0034830255289129996,,,0.0082850941620853727
stationary,exact_transition,True,0,0.5,0.5,0.25,,,,marginal_ecf_max_component_error_terminal,12,0.0027626382988394683,0.0026134245183030242,0.0022098547571590805,0.0031856710362617277,0.0020983965940595001,0.0039319923972512411,,,0.0082850941620853727
stationary,exact_transition,True,0,0.5,0.5,0.25,,,,marginal_ecf_rmse_initial,12,0.0012007836670293913,0.0011214925183427307,0.00090725756387710632,0.0013961573146398186,0.00085837947416218135,0.0020334119050524372,,,0.0082850941620853727
stationary,exact_transition,True,0,0.5,0.5,0.25,,,,marginal_ecf_rmse_terminal,12,0.001333057503713664,0.0012406100594355167,0.0010045387432076117,0.0016110708270388031,0.00077872366282931394,0.0024694922168611148,,,0.0082850941620853727
stationary,exact_transition,True,0,0.5,0.5,0.5,,,,joint_ecf_max_component_error_to_analytic_popov,12,0.0034450007262520309,0.0034123473466847083,0.002908995100778136,0.0037897584704949939,0.0028220998409980644,0.0042018029978437253,,,
stationary,exact_transition,True,0,0.5,0.5,0.5,,,,joint_ecf_rmse_to_analytic_popov,12,0.001543755527403676,0.0015882968375368082,0.0011799766925832699,0.0018443436883406464,0.0011439661495551367,0.0019353813056215982,,,
stationary,exact_transition,True,0,0.5,0.5,0.5,,,,joint_probe_abs_error_to_analytic_popov,12,0.001853599333120773,0.0020490208931699038,0.0010168449785285852,0.0024835382501250396,0.00088872275663075609,0.0028773783326681542,0.16929251064426912,,
stationary,exact_transition,True,0,0.5,0.5,0.5,,,,joint_probe_real,12,0.16979637534104328,0.16978585072287283,0.16884823621720135,0.17078242919507955,0.16840991351396506,0.17168951622568732,0.16929251064426912,0.17635424834318841,
stationary,exact_transition,True,0,0.5,0.5,0.5,,,,marginal_ecf_max_component_error_initial,12,0.0030795635473264238,0.0030673075309185296,0.0025017607144490897,0.0035857941628822288,0.0023946340659099048,0.004385713551206134,,,0.0082850941620853727
stationary,exact_transition,True,0,0.5,0.5,0.5,,,,marginal_ecf_max_component_error_terminal,12,0.0029728944379247418,0.002978214595805136,0.0024254840947306325,0.0032908903258647968,0.0022522667732322267,0.0039915287638246037,,,0.0082850941620853727
stationary,exact_transition,True,0,0.5,0.5,0.5,,,,marginal_ecf_rmse_initial,12,0.0012247112635510409,0.0012205271867677904,0.00082758061846103419,0.0016033580991331121,0.00061919392273619288,0.0020165747044968191,,,0.0082850941620853727
stationary,exact_transition,True,0,0.5,0.5,0.5,,,,marginal_ecf_rmse_terminal,12,0.0012648234746523565,0.0013176155047529793,0.0009857476231972188,0.0014386835368535103,0.00078832576351157925,0.0017915645659901736,,,0.0082850941620853727
stationary,exact_transition,True,0,0.5,0.5,1,,,,joint_ecf_max_component_error_to_analytic_popov,12,0.0040306366971483935,0.003902400774632719,0.0033902404757360002,0.0044795393401031091,0.0030838997021041094,0.0057979419455297231,,,
stationary,exact_transition,True,0,0.5,0.5,1,,,,joint_ecf_rmse_to_analytic_popov,12,0.0018101634093269515,0.0015678316829467168,0.0014041350945374175,0.0022834713342704798,0.0012253934287633373,0.0027105353462978229,,,
stationary,exact_transition,True,0,0.5,0.5,1,,,,joint_probe_abs_error_to_analytic_popov,12,0.0018859523355581034,0.0015146788465015808,0.0010464131130022362,0.0032731299530905323,0.00039823769064543528,0.0037888280907508762,0.17869078267745503,,
stationary,exact_transition,True,0,0.5,0.5,1,,,,joint_probe_real,12,0.17814177225076702,0.17850188012809068,0.17660488511150446,0.1796105018392346,0.17561229938800962,0.18070912584373963,0.17869078267745503,0.19160609663959446,
stationary,exact_transition,True,0,0.5,0.5,1,,,,marginal_ecf_max_component_error_initial,12,0.0030959293557316797,0.0028515897086242884,0.0021152832050813065,0.0039115694363050782,0.001793926102917539,0.0059705214417454149,,,0.0082850941620853727
stationary,exact_transition,True,0,0.5,0.5,1,,,,marginal_ecf_max_component_error_terminal,12,0.0029655578603707739,0.0028835314386080613,0.0024326697282912621,0.0035150611371044917,0.00180599667234355,0.0047753306455551757,,,0.0082850941620853727
stationary,exact_transition,True,0,0.5,0.5,1,,,,marginal_ecf_rmse_initial,12,0.0015723720308185992,0.001527033167013101,0.0010963519423961444,0.0018923855674039109,0.00076128283442710766,0.0029702918392566684,,,0.0082850941620853727
stationary,exact_transition,True,0,0.5,0.5,1,,,,marginal_ecf_rmse_terminal,12,0.0015028543947835577,0.001358591981442947,0.0010598249096050213,0.0022614226322537016,0.00079435627005947952,0.0023043096439564906,,,0.0082850941620853727
stationary,exact_transition,True,0,1,1,0.25,,,,joint_ecf_max_component_error_to_analytic_popov,12,0.0034482185143272655,0.0032956963119291551,0.0030175657579093978,0.0043269429076107377,0.0024848730359945202,0.0043653758719030822,,,
stationary,exact_transition,True,0,1,1,0.25,,,,joint_ecf_rmse_to_analytic_popov,12,0.001577229367941523,0.0014492119782985651,0.0012178073353841911,0.0018560064983912826,0.0011164270290473493,0.0026754885860203149,,,
stationary,exact_transition,True,0,1,1,0.25,,,,joint_probe_abs_error_to_analytic_popov,12,0.0017353780589097676,0.0014010007848453778,0.00098230730592137826,0.0025275310937732079,0.00055062445711005217,0.0036076815900106564,0.16929251064426912,,
stationary,exact_transition,True,0,1,1,0.25,,,,joint_probe_real,12,0.16897065823326243,0.16923536064260214,0.16775807443579105,0.16996800189127576,0.16594371735426094,0.17115675979454459,0.16929251064426912,0.1680271560414219,
stationary,exact_transition,True,0,1,1,0.25,,,,marginal_ecf_max_component_error_initial,12,0.0026655604777628093,0.002658406261045596,0.0021436762532655511,0.0031754915392677406,0.0019369462113535084,0.0034830255289129996,,,0.0082850941620853727
stationary,exact_transition,True,0,1,1,0.25,,,,marginal_ecf_max_component_error_terminal,12,0.0030313851489452265,0.002844364568350361,0.0026050780886906046,0.0038187069327156784,0.0017607543941790134,0.0043189447304894327,,,0.0082850941620853727
stationary,exact_transition,True,0,1,1,0.25,,,,marginal_ecf_rmse_initial,12,0.0012007836670293913,0.0011214925183427307,0.00090725756387710632,0.0013961573146398186,0.00085837947416218135,0.0020334119050524372,,,0.0082850941620853727
stationary,exact_transition,True,0,1,1,0.25,,,,marginal_ecf_rmse_terminal,12,0.001331243983259762,0.0011823560371451976,0.00094545607112781502,0.0018887816190638351,0.00069000898587137064,0.0026642423264089886,,,0.0082850941620853727
stationary,exact_transition,True,0,1,1,0.5,,,,joint_ecf_max_component_error_to_analytic_popov,12,0.0035567468308243515,0.0035146209523658368,0.0031404560300067009,0.0041481761697797614,0.0027468480984690485,0.0043883146230187485,,,
stationary,exact_transition,True,0,1,1,0.5,,,,joint_ecf_rmse_to_analytic_popov,12,0.001578354567669999,0.0015812136510756167,0.0013776928387685921,0.0017775896453009056,0.0011721307000724466,0.0019249509833046885,,,
stationary,exact_transition,True,0,1,1,0.5,,,,joint_probe_abs_error_to_analytic_popov,12,0.0017154441700873695,0.0019825414227912902,0.00068726500757975198,0.0024844426225024813,0.00024574772248960091,0.0027902122407881592,0.17869078267745503,,
stationary,exact_transition,True,0,1,1,0.5,,,,joint_probe_real,12,0.17930038735918707,0.17868907891430474,0.17845834992871962,0.18029400328024758,0.17842843082494492,0.18137878061949594,0.17869078267745503,0.17635424834318841,
stationary,exact_transition,True,0,1,1,0.5,,,,marginal_ecf_max_component_error_initial,12,0.0030795635473264238,0.0030673075309185296,0.0025017607144490897,0.0035857941628822288,0.0023946340659099048,0.004385713551206134,,,0.0082850941620853727
stationary,exact_transition,True,0,1,1,0.5,,,,marginal_ecf_max_component_error_terminal,12,0.0031629400806687589,0.0029986104688667142,0.0025761686388513613,0.0038248076756883073,0.0023683501849444096,0.0045074604972342941,,,0.0082850941620853727
stationary,exact_transition,True,0,1,1,0.5,,,,marginal_ecf_rmse_initial,12,0.0012247112635510409,0.0012205271867677904,0.00082758061846103419,0.0016033580991331121,0.00061919392273619288,0.0020165747044968191,,,0.0082850941620853727
stationary,exact_transition,True,0,1,1,0.5,,,,marginal_ecf_rmse_terminal,12,0.0012509598104408427,0.0012534126346209567,0.00096638558744901754,0.0016160515882295277,0.00058316687978300587,0.0017923229233193711,,,0.0082850941620853727
stationary,exact_transition,True,0,1,1,1,,,,joint_ecf_max_component_error_to_analytic_popov,12,0.004140526775027748,0.0040207243961267033,0.0033023910845237704,0.0050587498458288709,0.0030260134495979814,0.0059905642298723125,,,
stationary,exact_transition,True,0,1,1,1,,,,joint_ecf_rmse_to_analytic_popov,12,0.0018278671564186659,0.0016201059860883799,0.0014098256592452582,0.0023059967797451949,0.0013645361413541063,0.002608623510301947,,,
stationary,exact_transition,True,0,1,1,1,,,,joint_probe_abs_error_to_analytic_popov,12,0.0020476689692427272,0.0018918418148916125,0.00075248174120775592,0.0031788798206479245,0.00056456878469730864,0.003751894384746652,0.19548013212285276,,
stationary,exact_transition,True,0,1,1,1,,,,joint_probe_real,12,0.19483446217561914,0.19515422853128644,0.19339262175489044,0.19612086578755619,0.19248438346509741,0.19732626575917908,0.19548013212285276,0.19160609663959446,
stationary,exact_transition,True,0,1,1,1,,,,marginal_ecf_max_component_error_initial,12,0.0030959293557316797,0.0028515897086242884,0.0021152832050813065,0.0039115694363050782,0.001793926102917539,0.0059705214417454149,,,0.0082850941620853727
stationary,exact_transition,True,0,1,1,1,,,,marginal_ecf_max_component_error_terminal,12,0.0031309654326574037,0.0028553869621273271,0.0024396695266153869,0.0038393888938649417,0.0018764353349756408,0.005650119056451651,,,0.0082850941620853727
stationary,exact_transition,True,0,1,1,1,,,,marginal_ecf_rmse_initial,12,0.0015723720308185992,0.001527033167013101,0.0010963519423961444,0.0018923855674039109,0.00076128283442710766,0.0029702918392566684,,,0.0082850941620853727
stationary,exact_transition,True,0,1,1,1,,,,marginal_ecf_rmse_terminal,12,0.0014304969572859058,0.0012620090572194129,0.00095620673724241612,0.0017738962424935238,0.0009107650598032689,0.0026534916185528565,,,0.0082850941620853727
stationary,exact_transition,True,0,2,2,0.25,,,,joint_ecf_max_component_error_to_analytic_popov,12,0.0036610685218318472,0.0037462985963534852,0.003163964626348431,0.0042128314864492058,0.0025933258494506158,0.0044295802346838798,,,
stationary,exact_transition,True,0,2,2,0.25,,,,joint_ecf_rmse_to_analytic_popov,12,0.0016525403196541949,0.0015244860422393056,0.0012655477413236816,0.0019370232522067752,0.0012163148326956872,0.0028337198377248992,,,
stationary,exact_transition,True,0,2,2,0.25,,,,joint_probe_abs_error_to_analytic_popov,12,0.0016021770043488858,0.0014079420928257943,0.00082510045168901914,0.0027069039640712084,0.00051362707615642688,0.0034971345659125575,0.17869078267745503,,
stationary,exact_transition,True,0,2,2,0.25,,,,joint_probe_real,12,0.17848243134971073,0.17895840014028891,0.17703110462237098,0.17943839790556612,0.17550414481260296,0.18099228885769225,0.17869078267745503,0.1680271560414219,
stationary,exact_transition,True,0,2,2,0.25,,,,marginal_ecf_max_component_error_initial,12,0.0026655604777628093,0.002658406261045596,0.0021436762532655511,0.0031754915392677406,0.0019369462113535084,0.0034830255289129996,,,0.0082850941620853727
stationary,exact_transition,True,0,2,2,0.25,,,,marginal_ecf_max_component_error_terminal,12,0.0029066526065905946,0.0028441943308630062,0.002394701850208339,0.0034644499863730211,0.0018983402562803174,0.0040875777604927697,,,0.0082850941620853727
stationary,exact_transition,True,0,2,2,0.25,,,,marginal_ecf_rmse_initial,12,0.0012007836670293913,0.0011214925183427307,0.00090725756387710632,0.0013961573146398186,0.00085837947416218135,0.0020334119050524372,,,0.0082850941620853727
stationary,exact_transition,True,0,2,2,0.25,,,,marginal_ecf_rmse_terminal,12,0.0013975729815045672,0.0011462479283652289,0.00095190832287474474,0.0021673575439457929,0.0008169781913875357,0.0029293322472229927,,,0.0082850941620853727
stationary,exact_transition,True,0,2,2,0.5,,,,joint_ecf_max_component_error_to_analytic_popov,12,0.003768023407484767,0.0037149172042049601,0.0031920868448638163,0.0044534855173290261,0.0027599126829096934,0.0049517985461631064,,,
stationary,exact_transition,True,0,2,2,0.5,,,,joint_ecf_rmse_to_analytic_popov,12,0.0016185909726861587,0.0016542507613298328,0.0014260680926481788,0.001796640937429896,0.0012265364337021233,0.0019784604900947083,,,
stationary,exact_transition,True,0,2,2,0.5,,,,joint_probe_abs_error_to_analytic_popov,12,0.0017963014581729713,0.0017154346617440711,0.00093691058784989355,0.0026047343094330491,0.00053578919645484594,0.0035111102018261686,0.19548013212285276,,
stationary,exact_transition,True,0,2,2,0.5,,,,joint_probe_real,12,0.19593194851267068,0.19565023903633533,0.1949727089386756,0.19670724148374957,0.19424245920217362,0.19895258565336391,0.19548013212285276,0.17635424834318841,
stationary,exact_transition,True,0,2,2,0.5,,,,marginal_ecf_max_component_error_initial,12,0.0030795635473264238,0.0030673075309185296,0.0025017607144490897,0.0035857941628822288,0.0023946340659099048,0.004385713551206134,,,0.0082850941620853727
stationary,exact_transition,True,0,2,2,0.5,,,,marginal_ecf_max_component_error_terminal,12,0.0030996777001992396,0.0031633460753795598,0.0023385388234323998,0.00387852031701469,0.0019481445019416972,0.0039347030456364715,,,0.0082850941620853727
stationary,exact_transition,True,0,2,2,0.5,,,,marginal_ecf_rmse_initial,12,0.0012247112635510409,0.0012205271867677904,0.00082758061846103419,0.0016033580991331121,0.00061919392273619288,0.0020165747044968191,,,0.0082850941620853727
stationary,exact_transition,True,0,2,2,0.5,,,,marginal_ecf_rmse_terminal,12,0.0013611144618847716,0.001409205650442415,0.00089300526144490944,0.0016899133443909259,0.00080498906172538835,0.002053841939201306,,,0.0082850941620853727
stationary,exact_transition,True,0,2,2,1,,,,joint_ecf_max_component_error_to_analytic_popov,12,0.0039809028636607303,0.0038452216332040623,0.0032441240133624207,0.0049767608563910208,0.0026153315902105456,0.0059116245898347842,,,
stationary,exact_transition,True,0,2,2,1,,,,joint_ecf_rmse_to_analytic_popov,12,0.00187191224373498,0.0017628957751347932,0.0014276976215480968,0.0022533969652153937,0.0013813088679531477,0.0029141658359878998,,,
stationary,exact_transition,True,0,2,2,1,,,,joint_probe_abs_error_to_analytic_popov,12,0.0019095191156081341,0.0017964610655102924,0.00090009419134779247,0.0031610658269320348,0.00075879327524850206,0.0037163199654566765,0.22095844700718614,,
stationary,exact_transition,True,0,2,2,1,,,,joint_probe_real,12,0.22028838295924205,0.2204942224340134,0.21912745136308298,0.22149638223855669,0.21771666130974798,0.22231340994874596,0.22095844700718614,0.19160609663959446,
stationary,exact_transition,True,0,2,2,1,,,,marginal_ecf_max_component_error_initial,12,0.0030959293557316797,0.0028515897086242884,0.0021152832050813065,0.0039115694363050782,0.001793926102917539,0.0059705214417454149,,,0.0082850941620853727
stationary,exact_transition,True,0,2,2,1,,,,marginal_ecf_max_component_error_terminal,12,0.0029669766151487476,0.0029047703923883025,0.0024391547492734235,0.0036106910623857399,0.0019657584674671693,0.0041604654524977974,,,0.0082850941620853727
stationary,exact_transition,True,0,2,2,1,,,,marginal_ecf_rmse_initial,12,0.0015723720308185992,0.001527033167013101,0.0010963519423961444,0.0018923855674039109,0.00076128283442710766,0.0029702918392566684,,,0.0082850941620853727
stationary,exact_transition,True,0,2,2,1,,,,marginal_ecf_rmse_terminal,12,0.0014108965504476918,0.0013268401927844376,0.00099503713016588246,0.0016136253012992495,0.00087357855036821711,0.0027710893977225836,,,0.0082850941620853727
