model,horizon,steps,h,terminal_time,sample_count,order,n_seeds,initialization_q16,initialization_q25,initialization_median,initialization_q75,initialization_q84,initialization_ci_low,initialization_ci_high,discretization_median,mc_reference_q16,mc_reference_median,mc_reference_q84,mc_reference_ci_low,mc_reference_ci_high,mc_resolved_fraction,discretization_not_dominant_fraction,marker_resolved
stable,0.10000000000000001,4,0.012500000000000001,0.050000000000000003,16384,1.1000000000000001,12,0.48512413369789287,0.49290705368235133,0.50826447844878864,0.55515081818032808,0.57239715976060668,0.49522163410935133,0.5497072786040077,0.03960391776280027,0.0337584292213736,0.037644451225312237,0.051463857689994619,0.033932965830924623,0.048651611197380581,1,1,true
stable,0.14999999999999999,8,0.012499999999999999,0.050000000000000003,16384,1.1000000000000001,12,0.40708592219074236,0.41038636805084922,0.43298122125936422,0.45148256230270578,0.46457232449276714,0.41133391879113179,0.44844345796182933,0.04059345516020206,0.036070810969360878,0.041722237074772239,0.059819927564125207,0.036334681513768036,0.056965161625153103,1,1,true
stable,0.25,16,0.012500000000000001,0.050000000000000003,16384,1.1000000000000001,12,0.30084907177576276,0.30844370329627901,0.32430655055633795,0.33630895829318297,0.34951316181704106,0.31073047339873533,0.334203315646316,0.039136884165986582,0.040511504163844088,0.052644495407226641,0.061784721653840705,0.04550029981681409,0.057480575574287845,1,0.91666666666666663,true
stable,0.5,36,0.012500000000000001,0.050000000000000003,16384,1.1000000000000001,12,0.17843027556296265,0.17987594636750609,0.1927929116967812,0.19866313062605043,0.20149410308978064,0.18022800396969521,0.19838590142063445,0.040573411130634562,0.035214848347079872,0.046847066297800694,0.060790379090515025,0.0366548612716526,0.053927145254145666,0.91666666666666663,1,true
stable,1,76,0.012499999999999999,0.050000000000000003,16384,1.1000000000000001,12,0.075811251596290985,0.079898212466462198,0.092781460720469139,0.11312154130848834,0.1506971328938668,0.081171408391538191,0.11390827629038877,0.056902160153693475,0.032956012949306376,0.041956556903943704,0.061745793809160308,0.037779246863294411,0.049760782278118698,0.66666666666666663,0.41666666666666669,false
stable,2,156,0.012499999999999999,0.050000000000000003,16384,1.1000000000000001,12,0.033157400179740115,0.035193233882579451,0.041767232878404878,0.063361235772591423,0.068100248494822657,0.035867601929316095,0.06308168725383434,0.041173484119369386,0.029123401583556419,0.043261898384004946,0.10508410324908374,0.033401115967456048,0.07155309502133185,0,0.16666666666666666,false
vp,0.10000000000000001,4,0.012500000000000001,0.050000000000000003,16384,1.1000000000000001,12,0.204525388730603,0.20537579503258216,0.21296337385565486,0.22000803834638499,0.22304492663127173,0.20551725906017537,0.21922612779039852,0.026215087246792966,0.023505504493481474,0.027959224149300445,0.036395608234903072,0.025810227214156552,0.033339027515335469,1,1,true
vp,0.14999999999999999,8,0.012499999999999999,0.050000000000000003,16384,1.1000000000000001,12,0.19009111000505605,0.19626766973644064,0.20358898765831535,0.20682702748637471,0.20927021240167354,0.19667560633424452,0.20635985432335846,0.024939629831104558,0.021377683968855109,0.029393842795775921,0.035495740628738823,0.023643826150737405,0.032179861777207726,1,1,true
vp,0.25,16,0.012500000000000001,0.050000000000000003,16384,1.1000000000000001,12,0.18690099522595702,0.18969955735116231,0.19425627539439269,0.19896043816919051,0.20688018949924228,0.19009256877930655,0.20071697081511805,0.023682766863713234,0.023866414781572091,0.02907333641982561,0.041080748149286445,0.024469954243633837,0.035070236847103677,1,1,true
vp,0.5,36,0.012500000000000001,0.050000000000000003,16384,1.1000000000000001,12,0.15736482129007126,0.15868500210334816,0.16274426204631878,0.17095860262739804,0.17568715736403617,0.15878336337602861,0.16945645270197818,0.026460184388065935,0.026709315072080249,0.0307212996498115,0.044514716043173586,0.028660119019909377,0.038757060348375019,1,1,true
vp,1,76,0.012499999999999999,0.050000000000000003,16384,1.1000000000000001,12,0.094438658712208925,0.098241403749983511,0.10057955695149252,0.11183585843477235,0.11450882701207912,0.097325673941980176,0.1111219709397068,0.0285223159802264,0.021439657759814917,0.025932080033916866,0.029496416834615572,0.022042807265700435,0.029242660026220633,1,1,true
vp,2,156,0.012499999999999999,0.050000000000000003,16384,1.1000000000000001,12,0.032630925808603245,0.034275091155975143,0.040064309885765925,0.047169839902291621,0.048712108789037714,0.034751099239600243,0.046961708124604387,0.02544173162047992,0.020469082782233621,0.022508663731405996,0.043523877919089592,0.021307043489391032,0.036923878551381302,0.33333333333333331,0.083333333333333329,false
stable,0.10000000000000001,4,0.012500000000000001,0.050000000000000003,16384,1.3999999999999999,12,0.72326936511931061,0.73181492186612029,0.74749163393791362,0.944124913184753,1.0611774073117348,0.73320399775266731,0.90597565149606352,0.091007600224887214,0.068891619171110502,0.099681146571170665,0.13009623768581216,0.082623786310170894,0.11370858458452138,1,1,true
stable,0.14999999999999999,8,0.012499999999999999,0.050000000000000003,16384,1.3999999999999999,12,0.56548719923341173,0.58276470409795211,0.61775547327655889,0.73703711957527152,0.84001948269158522,0.58783518375645027,0.73187128127576273,0.10125236476193575,0.062212424826364389,0.1139789528776103,0.1986592847149018,0.082889363277446421,0.17022880319261824,0.91666666666666663,1,true
stable,0.25,16,0.012500000000000001,0.050000000000000003,16384,1.3999999999999999,12,0.39073260869440185,0.4012254943406226,0.45513804095825316,0.53961716305355734,0.59800661800879495,0.40201137187236097,0.5343729148095816,0.11679349556778353,0.087715451786324783,0.1563413451935847,0.22701837174711809,0.10409657866268662,0.1976322332901069,0.83333333333333337,0.83333333333333337,true
stable,0.5,36,0.012500000000000001,0.050000000000000003,16384,1.3999999999999999,12,0.21359595032168474,0.21467888952019898,0.24218687854615914,0.31119282434121021,0.31219391338798752,0.21493183688368334,0.3111255673967977,0.1040714822672702,0.055721816197747839,0.10143815059025302,0.19309537551070355,0.0778771704122867,0.15019261970247066,0.66666666666666663,0.58333333333333337,false
stable,1,76,0.012499999999999999,0.050000000000000003,16384,1.3999999999999999,12,0.10895195005849143,0.11826387828125834,0.13656581781329202,0.23026602351434117,0.36536165978388147,0.12003629376328701,0.21118444813760509,0.1540338882739028,0.062042349396932997,0.10141391545015686,0.19383404867621892,0.072504598930025477,0.1357989703805404,0.33333333333333331,0.25,false
stable,2,156,0.012499999999999999,0.050000000000000003,16384,1.3999999999999999,12,0.071212724955876688,0.07745250456260383,0.082938692818744442,0.19226343781843003,0.2732008244607198,0.078354319102628397,0.1797026361904932,0.082360555594506585,0.059198877418642722,0.14476389023277542,0.50407909299859555,0.075640789355408203,0.29663467311666752,0.083333333333333329,0.25,false
vp,0.10000000000000001,4,0.012500000000000001,0.050000000000000003,16384,1.3999999999999999,12,0.26801298504465221,0.27184102250102266,0.28362739685578275,0.28930816885348243,0.29154926335446313,0.27246023242504291,0.28929692335907975,0.03715870451889134,0.037702785982742418,0.043386049152346146,0.051453998931603628,0.03874422578078425,0.047080807443953349,1,1,true
vp,0.14999999999999999,8,0.012499999999999999,0.050000000000000003,16384,1.3999999999999999,12,0.25494800782479432,0.25737408535976403,0.26943869622259176,0.27287507215162188,0.27404232296579623,0.25756639628770089,0.27266031063150731,0.045860723643045956,0.032355396929486718,0.043434944382536679,0.055668716502250401,0.034113253299048095,0.05337634727646462,1,1,true
vp,0.25,16,0.012500000000000001,0.050000000000000003,16384,1.3999999999999999,12,0.24652508564073841,0.2509496731772326,0.25443119639699163,0.26361846219108503,0.26481055779745238,0.2516982495577812,0.26339260024473848,0.03503085754695652,0.033390599121747425,0.039387500714249804,0.053944414064966736,0.034934874382872433,0.049888556372312924,1,1,true
vp,0.5,36,0.012500000000000001,0.050000000000000003,16384,1.3999999999999999,12,0.20913928060392292,0.21030127555472278,0.21425051926296104,0.22429644871681295,0.22662129686852775,0.21059166335983509,0.2236693686428764,0.038966902575429993,0.041204699314625712,0.051483597053641431,0.068457472714780476,0.044185572746465271,0.059799048821353853,1,1,true
vp,1,76,0.012499999999999999,0.050000000000000003,16384,1.3999999999999999,12,0.12714452195235537,0.12958609109457053,0.13857146627911096,0.15013159804427614,0.15984843058951609,0.13029866831240183,0.14777801851751513,0.045807172298301474,0.031642291362129871,0.036248211213076538,0.046969381439923436,0.032419576898106171,0.043616272474333681,1,1,true
vp,2,156,0.012499999999999999,0.050000000000000003,16384,1.3999999999999999,12,0.044599389964792839,0.050800626309859487,0.060633432503891291,0.074547469631923796,0.076095280336911458,0.052687054378565794,0.074162382180873607,0.037337053454309363,0.03293892596456139,0.037326792881678936,0.064452872562269156,0.034329963420709167,0.056682170121014556,0.33333333333333331,0.16666666666666666,false
