model,horizon,steps,h,terminal_time,sample_count,seed,order,initialization_wp,discretization_wp,total_wp,mc_reference_wp,triangle_slack,mc_resolved,discretization_not_dominant,source_task_id,source_arrays_sha256
stable,2.0,156,0.012499999999999999,0.05,16384,1000,1.1,0.04151706447436633,0.04092222779285718,0.03258122453330006,0.042397961856915314,0.049858067733923456,False,False,task-0060-stable-T2-N156-s1000-21d537a54b,ffc2ee140580566371ea57c9db90a4b82cac7d86675937e898b897130a5e32a1
stable,2.0,156,0.012499999999999999,0.05,16384,1000,1.4,0.09736007086889828,0.09611140817111408,0.0654321797915448,0.15307807869513113,0.12803929924846758,False,False,task-0060-stable-T2-N156-s1000-21d537a54b,ffc2ee140580566371ea57c9db90a4b82cac7d86675937e898b897130a5e32a1
stable,2.0,156,0.012499999999999999,0.05,16384,1001,1.1,0.0804514111870293,0.04409724369148858,0.0893812316243365,0.16559384591038828,0.035167423254181374,False,False,task-0061-stable-T2-N156-s1001-5390bcd0df,68f7026b7c9a28e8fd170a116b7c9c87d93933a114d9eb9bec030eca521dea33
stable,2.0,156,0.012499999999999999,0.05,16384,1001,1.4,0.4101749333625707,0.08652593086275878,0.43425936796805537,0.915252932794041,0.06244149625727413,False,True,task-0061-stable-T2-N156-s1001-5390bcd0df,68f7026b7c9a28e8fd170a116b7c9c87d93933a114d9eb9bec030eca521dea33
stable,2.0,156,0.012499999999999999,0.05,16384,1002,1.1,0.03311708989808037,0.027165617114547652,0.0381708794388712,0.02557889116946429,0.02211182757375682,False,False,task-0062-stable-T2-N156-s1002-4d0a14fd3d,53914bd0da1500ab0d78310e6260e067f09ca226ce1b9b493eb7144167055592
stable,2.0,156,0.012499999999999999,0.05,16384,1002,1.4,0.06002066099814088,0.04291804949258023,0.07293436173231689,0.043109098365704465,0.03000434875840423,False,False,task-0062-stable-T2-N156-s1002-4d0a14fd3d,53914bd0da1500ab0d78310e6260e067f09ca226ce1b9b493eb7144167055592
stable,2.0,156,0.012499999999999999,0.05,16384,1003,1.1,0.02467242385185259,0.08805364932835963,0.09588942913362933,0.024098575748419497,0.016836644046582888,False,False,task-0063-stable-T2-N156-s1003-ed536d126e,0f25da1addae861f414337a4b7f14e9f79d9bcbcc2f522b344995b4b948093fc
stable,2.0,156,0.012499999999999999,0.05,16384,1003,1.4,0.055540071773092566,0.3732962732932684,0.41244217618768614,0.05318505081993725,0.016394168878674842,False,False,task-0063-stable-T2-N156-s1003-ed536d126e,0f25da1addae861f414337a4b7f14e9f79d9bcbcc2f522b344995b4b948093fc
stable,2.0,156,0.012499999999999999,0.05,16384,1004,1.1,0.035971443342031825,0.0414247404458816,0.042410024904717944,0.05355143874181068,0.03498615888319548,False,False,task-0064-stable-T2-N156-s1004-50a1256600,e752ef6c0af27d2bb6fd670d20255e348295566b09522199fc7ac326f847f6f5
stable,2.0,156,0.012499999999999999,0.05,16384,1004,1.4,0.08208870289671094,0.0683110774589282,0.07419193237756383,0.14369548390703754,0.07620784797807531,False,False,task-0064-stable-T2-N156-s1004-50a1256600,e752ef6c0af27d2bb6fd670d20255e348295566b09522199fc7ac326f847f6f5
stable,2.0,156,0.012499999999999999,0.05,16384,1005,1.1,0.06308168725383434,0.041870250857971573,0.04283692525278753,0.03340111596745605,0.06211501285901839,False,False,task-0065-stable-T2-N156-s1005-56485c42ff,bc915ba083643f29c7a7072dc0226167b37cad4b812a1640e97cbc7a606ebeef
stable,2.0,156,0.012499999999999999,0.05,16384,1005,1.4,0.1797026361904932,0.152610415445422,0.08566975549171983,0.0966263603344928,0.24664329614419533,False,False,task-0065-stable-T2-N156-s1005-56485c42ff,bc915ba083643f29c7a7072dc0226167b37cad4b812a1640e97cbc7a606ebeef
stable,2.0,156,0.012499999999999999,0.05,16384,1006,1.1,0.06419988132886266,0.02450962471891579,0.07084810167603921,0.052059863268071264,0.017861404371739234,False,True,task-0066-stable-T2-N156-s1006-6c8a76a2ec,ffec5f713cf3eeef4bae6c90ac30ec41d5aa40524af5af4b69a3684603f7d79d
stable,2.0,156,0.012499999999999999,0.05,16384,1006,1.4,0.22994584270224053,0.03964485311267768,0.23897344862816727,0.18574369437967997,0.030617247186750962,False,True,task-0066-stable-T2-N156-s1006-6c8a76a2ec,ffec5f713cf3eeef4bae6c90ac30ec41d5aa40524af5af4b69a3684603f7d79d
stable,2.0,156,0.012499999999999999,0.05,16384,1007,1.1,0.03317012974236951,0.028721327051096045,0.03399666492410381,0.030242720661690776,0.027894791869361744,False,False,task-0067-stable-T2-N156-s1007-8b4ec8af98,0c0fbd0c07bf118c84aade1f61dd479ad4dff5af6c9caafdbf340d952cbf4a0b
stable,2.0,156,0.012499999999999999,0.05,16384,1007,1.4,0.07871555585781886,0.05291638624583263,0.06446673994124827,0.06109798055507603,0.06716520216240321,False,False,task-0067-stable-T2-N156-s1007-8b4ec8af98,0c0fbd0c07bf118c84aade1f61dd479ad4dff5af6c9caafdbf340d952cbf4a0b
stable,2.0,156,0.012499999999999999,0.05,16384,1008,1.1,0.05064957875590908,0.03633648008776219,0.052768032111846094,0.04018111623469349,0.03421802673182518,False,False,task-0068-stable-T2-N156-s1008-cfcdca3aae,a68aa81791258fc4493a5c6f3745857a8d334ce641900a04ab01258410986cc1
stable,2.0,156,0.012499999999999999,0.05,16384,1008,1.4,0.0783543191026284,0.07819518032625437,0.09078254784195998,0.0756407893554082,0.06576695158692279,False,False,task-0068-stable-T2-N156-s1008-cfcdca3aae,a68aa81791258fc4493a5c6f3745857a8d334ce641900a04ab01258410986cc1
stable,2.0,156,0.012499999999999999,0.05,16384,1009,1.1,0.035867601929316095,0.03269549722956079,0.034316596727616736,0.044125834911094584,0.03424650243126015,False,False,task-0069-stable-T2-N156-s1009-f5be2477cd,cab57329da8104d47ff4f4dcb1c7214f8a49f8b30ec6b74b3c475f05e8c26203
stable,2.0,156,0.012499999999999999,0.05,16384,1009,1.4,0.0747470609425301,0.0764884567296063,0.056018608779287285,0.14583229655851332,0.0952169088928491,False,False,task-0069-stable-T2-N156-s1009-f5be2477cd,cab57329da8104d47ff4f4dcb1c7214f8a49f8b30ec6b74b3c475f05e8c26203
stable,2.0,156,0.012499999999999999,0.05,16384,1010,1.1,0.04201740128244343,0.04487248991454407,0.04241176227565683,0.12441263895454668,0.04447812892133068,False,False,task-0070-stable-T2-N156-s1010-8a3880ba81,eb461e0fc00609e8fe5824eb979e984c268168c3013f3b77080c62d5750b7ee2
stable,2.0,156,0.012499999999999999,0.05,16384,1010,1.4,0.08378868274077796,0.11330538374242845,0.12524163887244322,0.6766789901275394,0.07185242761076319,False,False,task-0070-stable-T2-N156-s1010-8a3880ba81,eb461e0fc00609e8fe5824eb979e984c268168c3013f3b77080c62d5750b7ee2
stable,2.0,156,0.012499999999999999,0.05,16384,1011,1.1,0.18835555304869964,0.04358233648348574,0.17502386469710068,0.09898035513156912,0.056914024835084676,False,True,task-0071-stable-T2-N156-s1011-075f94b884,5f9a11c583ea97eb63c800e09d1175c943a05169420d3a078a29338761345c3f
stable,2.0,156,0.012499999999999999,0.05,16384,1011,1.4,1.063374830220289,0.11277188217646758,0.9933107503157349,0.4495738623262975,0.1828359620810217,True,True,task-0071-stable-T2-N156-s1011-075f94b884,5f9a11c583ea97eb63c800e09d1175c943a05169420d3a078a29338761345c3f
stable,2.0,312,0.0062499999999999995,0.05,16384,1000,1.1,0.04138269109566305,0.04093221410154838,0.03214479693259756,0.042397961856915314,0.05017010826461388,False,False,task-0072-stable-T2-N312-s1000-6882216e29,36135d964b33a23d988d4553148bd1f4beef2143793ddb5dc99f92903d701748
stable,2.0,312,0.0062499999999999995,0.05,16384,1000,1.4,0.09676093991176463,0.09561103848513318,0.06480312604348432,0.15307807869513113,0.12756885235341348,False,False,task-0072-stable-T2-N312-s1000-6882216e29,36135d964b33a23d988d4553148bd1f4beef2143793ddb5dc99f92903d701748
stable,2.0,312,0.0062499999999999995,0.05,16384,1001,1.1,0.0804346649816544,0.043772662245044926,0.08920434855257835,0.16559384591038828,0.035002978674120985,False,False,task-0073-stable-T2-N312-s1001-03d50fc0b1,104e17cc2b34e5cbb2e38f743ef62a43ae662029595e359074a72f258e7939a4
stable,2.0,312,0.0062499999999999995,0.05,16384,1001,1.4,0.41056355474483824,0.08588929580553092,0.43401261428776716,0.915252932794041,0.06244023626260198,False,True,task-0073-stable-T2-N312-s1001-03d50fc0b1,104e17cc2b34e5cbb2e38f743ef62a43ae662029595e359074a72f258e7939a4
stable,2.0,312,0.0062499999999999995,0.05,16384,1002,1.1,0.03315676226296139,0.026631160650581662,0.03765139666290699,0.02557889116946429,0.022136526250636064,False,False,task-0074-stable-T2-N312-s1002-15e5585877,269c9b56add467e1df79a3cbfc4d745859c5262d9ea40de39c59f334e7acaa74
stable,2.0,312,0.0062499999999999995,0.05,16384,1002,1.4,0.06058139260378015,0.041773322325268446,0.07213828703450292,0.043109098365704465,0.030216427894545678,False,False,task-0074-stable-T2-N312-s1002-15e5585877,269c9b56add467e1df79a3cbfc4d745859c5262d9ea40de39c59f334e7acaa74
stable,2.0,312,0.0062499999999999995,0.05,16384,1003,1.1,0.024604901263496026,0.08822755196810486,0.0962276401283598,0.024098575748419497,0.016604813103241092,False,False,task-0075-stable-T2-N312-s1003-29fb85c8fc,27725009b9015e6fa5dd31f48abd8a388b322509e9c0a0a3fa5b9a06a681ad81
stable,2.0,312,0.0062499999999999995,0.05,16384,1003,1.4,0.05536320746356103,0.3745706694465381,0.41402817706865014,0.05318505081993725,0.015905699841449017,False,False,task-0075-stable-T2-N312-s1003-29fb85c8fc,27725009b9015e6fa5dd31f48abd8a388b322509e9c0a0a3fa5b9a06a681ad81
stable,2.0,312,0.0062499999999999995,0.05,16384,1004,1.1,0.03577689013388207,0.041142900718099645,0.041669973982480284,0.05355143874181068,0.03524981686950144,False,False,task-0076-stable-T2-N312-s1004-f2bbabba1e,039c6ca66e94ac3c9d14d6aba4492c2616ec32a2a43a8cbde37909aab0a32a3b
stable,2.0,312,0.0062499999999999995,0.05,16384,1004,1.4,0.08152427756458028,0.0685094838123558,0.07285479058340644,0.14369548390703754,0.07717897079352964,False,False,task-0076-stable-T2-N312-s1004-f2bbabba1e,039c6ca66e94ac3c9d14d6aba4492c2616ec32a2a43a8cbde37909aab0a32a3b
stable,2.0,312,0.0062499999999999995,0.05,16384,1005,1.1,0.06247849322302644,0.04097367111576309,0.04238804214682464,0.03340111596745605,0.0610641221919649,False,False,task-0077-stable-T2-N312-s1005-e8c382d2f6,8e24f76c939e810aee3a680d10f81f54c88d421348445021d1d4b7a09b45f36e
stable,2.0,312,0.0062499999999999995,0.05,16384,1005,1.4,0.1759981491800429,0.1481281910021041,0.0850110100374523,0.0966263603344928,0.23911533014469466,False,False,task-0077-stable-T2-N312-s1005-e8c382d2f6,8e24f76c939e810aee3a680d10f81f54c88d421348445021d1d4b7a09b45f36e
stable,2.0,312,0.0062499999999999995,0.05,16384,1006,1.1,0.06080518134678065,0.02444662057715104,0.06652215596677027,0.052059863268071264,0.018729645957161423,False,True,task-0078-stable-T2-N312-s1006-2c104cb2dc,ed6cff3db22da4d2080a1df5cf0f13f2645aaf06bccd39a5d2161a3a0278f188
stable,2.0,312,0.0062499999999999995,0.05,16384,1006,1.4,0.21049915916958875,0.038966845424640184,0.21551259329776082,0.18574369437967997,0.03395341129646812,False,True,task-0078-stable-T2-N312-s1006-2c104cb2dc,ed6cff3db22da4d2080a1df5cf0f13f2645aaf06bccd39a5d2161a3a0278f188
stable,2.0,312,0.0062499999999999995,0.05,16384,1007,1.1,0.03272222476802391,0.02854073331245067,0.033671519321513375,0.030242720661690776,0.027591438758961202,False,False,task-0079-stable-T2-N312-s1007-83116cdc2b,efd34208788c8ee10c6a3f8b930af1ec43023a47aa79b09b23084d997b24a7aa
stable,2.0,312,0.0062499999999999995,0.05,16384,1007,1.4,0.07565330662572778,0.052027628348826835,0.06319934145353852,0.06109798055507603,0.06448159352101611,False,False,task-0079-stable-T2-N312-s1007-83116cdc2b,efd34208788c8ee10c6a3f8b930af1ec43023a47aa79b09b23084d997b24a7aa
stable,2.0,312,0.0062499999999999995,0.05,16384,1008,1.1,0.050494505162020385,0.03665311499694258,0.05213363804014028,0.04018111623469349,0.03501398211882268,False,False,task-0080-stable-T2-N312-s1008-458066c151,dd6c27b20420f84c2392ea334ee822aff048fcea420f9670c973ed0b775dc04a
stable,2.0,312,0.0062499999999999995,0.05,16384,1008,1.4,0.07807390064441047,0.08076171070590916,0.08904103370409597,0.0756407893554082,0.06979457764622368,False,False,task-0080-stable-T2-N312-s1008-458066c151,dd6c27b20420f84c2392ea334ee822aff048fcea420f9670c973ed0b775dc04a
stable,2.0,312,0.0062499999999999995,0.05,16384,1009,1.1,0.035096309672727304,0.0326658219658035,0.03333083865784753,0.044125834911094584,0.03443129298068327,False,False,task-0081-stable-T2-N312-s1009-26b7da86eb,84d1cd11191b908417b4435eaba21e3c51714c170489e8070a20d7532bd907a1
stable,2.0,312,0.0062499999999999995,0.05,16384,1009,1.4,0.07012675407217109,0.07635388240848001,0.05240547265541815,0.14583229655851332,0.09407516382523295,False,False,task-0081-stable-T2-N312-s1009-26b7da86eb,84d1cd11191b908417b4435eaba21e3c51714c170489e8070a20d7532bd907a1
stable,2.0,312,0.0062499999999999995,0.05,16384,1010,1.1,0.04156903073910578,0.04525856615066857,0.04224730082679759,0.12441263895454668,0.044580296062976754,False,False,task-0082-stable-T2-N312-s1010-8ca66b9f8b,2dbf13ae8a5229138ddc15de6ed6dbf6cc4d52be575267d936c22067fcf13c12
stable,2.0,312,0.0062499999999999995,0.05,16384,1010,1.4,0.08183940419743403,0.11561867961160668,0.12559075123646704,0.6766789901275394,0.07186733257257369,False,False,task-0082-stable-T2-N312-s1010-8ca66b9f8b,2dbf13ae8a5229138ddc15de6ed6dbf6cc4d52be575267d936c22067fcf13c12
stable,2.0,312,0.0062499999999999995,0.05,16384,1011,1.1,0.18663551720849292,0.04325320920037662,0.17307251479947583,0.09898035513156912,0.05681621160939371,False,True,task-0083-stable-T2-N312-s1011-9699afcede,6800b89520be1ca93512d404934558d6a2c9756811e31b8c81e61a4ec5ead4d9
stable,2.0,312,0.0062499999999999995,0.05,16384,1011,1.4,1.055266869987558,0.11175271385257039,0.985492599093244,0.4495738623262975,0.18152698474688445,True,True,task-0083-stable-T2-N312-s1011-9699afcede,6800b89520be1ca93512d404934558d6a2c9756811e31b8c81e61a4ec5ead4d9
stable,2.0,624,0.0031249999999999997,0.05,16384,1000,1.1,0.04140668623077468,0.041004423420072954,0.03192432041261054,0.042397961856915314,0.050486789238237094,False,False,task-0084-stable-T2-N624-s1000-8ee2bf91ad,2e1b312d01bad3630b4287bf0749bdaeaa83583343420ac02bdbd5d782f267ac
stable,2.0,624,0.0031249999999999997,0.05,16384,1000,1.4,0.09675594071917636,0.09549554772203671,0.06440720488234154,0.15307807869513113,0.1278442835588715,False,False,task-0084-stable-T2-N624-s1000-8ee2bf91ad,2e1b312d01bad3630b4287bf0749bdaeaa83583343420ac02bdbd5d782f267ac
stable,2.0,624,0.0031249999999999997,0.05,16384,1001,1.1,0.0779886441290373,0.04364919822674895,0.08667820090366743,0.16559384591038828,0.03495964145211883,False,False,task-0085-stable-T2-N624-s1001-2d8da9d6aa,5240815d5a716aff5d8e66f89c772e53c21927aef9e56d2010ed617180b3b9c2
stable,2.0,624,0.0031249999999999997,0.05,16384,1001,1.4,0.3939385910091685,0.08578997284759364,0.41732837579084925,0.915252932794041,0.06240018806591291,False,True,task-0085-stable-T2-N624-s1001-2d8da9d6aa,5240815d5a716aff5d8e66f89c772e53c21927aef9e56d2010ed617180b3b9c2
stable,2.0,624,0.0031249999999999997,0.05,16384,1002,1.1,0.03308037612017475,0.026433003320234412,0.03740115128861703,0.02557889116946429,0.022112228151792132,False,False,task-0086-stable-T2-N624-s1002-470306efc0,104987a6d79b453fcf92d4b677d6084e24e3f443cbbd456bbfc05a198ca533af
stable,2.0,624,0.0031249999999999997,0.05,16384,1002,1.4,0.06024137635137027,0.04147571554669635,0.07179565056835563,0.043109098365704465,0.029921441329711,False,False,task-0086-stable-T2-N624-s1002-470306efc0,104987a6d79b453fcf92d4b677d6084e24e3f443cbbd456bbfc05a198ca533af
stable,2.0,624,0.0031249999999999997,0.05,16384,1003,1.1,0.024585915416943785,0.08832411790334152,0.09629147095635053,0.024098575748419497,0.016618562363934775,False,False,task-0087-stable-T2-N624-s1003-3b0d665050,5b4fe5eb2d265592da0b8dfbfd3b61c00d8a8f2d3b0af56286bdc8313a6bf64f
stable,2.0,624,0.0031249999999999997,0.05,16384,1003,1.4,0.055313928275655684,0.37485751343973434,0.4143137720834427,0.05318505081993725,0.01585766963194729,False,False,task-0087-stable-T2-N624-s1003-3b0d665050,5b4fe5eb2d265592da0b8dfbfd3b61c00d8a8f2d3b0af56286bdc8313a6bf64f
stable,2.0,624,0.0031249999999999997,0.05,16384,1004,1.1,0.03571995845099362,0.04103747130892814,0.041408101094262045,0.05355143874181068,0.03534932866565971,False,False,task-0088-stable-T2-N624-s1004-38c65c3d4c,c06fa5b479da4c0de58c0b4520948057690ba6e679502bedf4922b69d4da784b
stable,2.0,624,0.0031249999999999997,0.05,16384,1004,1.4,0.08116648830794253,0.06873425735048688,0.0724052472798003,0.14369548390703754,0.07749549837862912,False,False,task-0088-stable-T2-N624-s1004-38c65c3d4c,c06fa5b479da4c0de58c0b4520948057690ba6e679502bedf4922b69d4da784b
stable,2.0,624,0.0031249999999999997,0.05,16384,1005,1.1,0.062448006518580054,0.04072788732723621,0.04217400053393438,0.03340111596745605,0.06100189331188189,False,False,task-0089-stable-T2-N624-s1005-992e2bced5,e1a25078d9147258a0290c3e3464c20c4afa258ab21dd58aa992f22b182e7a64
stable,2.0,624,0.0031249999999999997,0.05,16384,1005,1.4,0.1758030152628749,0.14745484448515483,0.08472315492764163,0.0966263603344928,0.2385347048203881,False,False,task-0089-stable-T2-N624-s1005-992e2bced5,e1a25078d9147258a0290c3e3464c20c4afa258ab21dd58aa992f22b182e7a64
stable,2.0,624,0.0031249999999999997,0.05,16384,1006,1.1,0.061052229482684565,0.024830524397800948,0.06634222351607236,0.052059863268071264,0.019540530364413153,False,True,task-0090-stable-T2-N624-s1006-5dcbcacc42,9927108ae87e53453159ee82489c89223e7e0f74e0c0f7a032149a1bfa84e237
stable,2.0,624,0.0031249999999999997,0.05,16384,1006,1.4,0.21202020867218052,0.039696013062667776,0.21534316343651638,0.18574369437967997,0.03637305829833193,False,True,task-0090-stable-T2-N624-s1006-5dcbcacc42,9927108ae87e53453159ee82489c89223e7e0f74e0c0f7a032149a1bfa84e237
stable,2.0,624,0.0031249999999999997,0.05,16384,1007,1.1,0.03265504954480004,0.02854287784316077,0.033459812519789425,0.030242720661690776,0.027738114868171383,False,False,task-0091-stable-T2-N624-s1007-f304bf0b3f,ce707fee848259db5cc42fe5c04712f0126ac435f0ab5432780f4df3e8e7de77
stable,2.0,624,0.0031249999999999997,0.05,16384,1007,1.4,0.07506017143482142,0.05217360900077447,0.062460042638088784,0.06109798055507603,0.0647737377975071,False,False,task-0091-stable-T2-N624-s1007-f304bf0b3f,ce707fee848259db5cc42fe5c04712f0126ac435f0ab5432780f4df3e8e7de77
stable,2.0,624,0.0031249999999999997,0.05,16384,1008,1.1,0.05041803130153898,0.03639494030788238,0.051991739372305515,0.04018111623469349,0.03482123223711585,False,False,task-0092-stable-T2-N624-s1008-3eb72591fa,f86d69628c7cdfab5cf2a3a26e2adc0dbf6e52abab863366c4c6d9a069049fd1
stable,2.0,624,0.0031249999999999997,0.05,16384,1008,1.4,0.07777672936917514,0.07984868834234345,0.08881832492858725,0.0756407893554082,0.06880709278293133,False,False,task-0092-stable-T2-N624-s1008-3eb72591fa,f86d69628c7cdfab5cf2a3a26e2adc0dbf6e52abab863366c4c6d9a069049fd1
stable,2.0,624,0.0031249999999999997,0.05,16384,1009,1.1,0.035181103245724106,0.03269529757273193,0.033080861199773284,0.044125834911094584,0.034795539618682744,False,False,task-0093-stable-T2-N624-s1009-24a3e063f6,f65965bff27bdf0ea51310c22b7972e8c7710496ddf3329cc91a089aec83bb75
stable,2.0,624,0.0031249999999999997,0.05,16384,1009,1.4,0.0707136861258093,0.07665086547787134,0.05195761157588409,0.14583229655851332,0.09540694002779655,False,False,task-0093-stable-T2-N624-s1009-24a3e063f6,f65965bff27bdf0ea51310c22b7972e8c7710496ddf3329cc91a089aec83bb75
stable,2.0,624,0.0031249999999999997,0.05,16384,1010,1.1,0.041252112276542054,0.04541191896373578,0.042160565115014176,0.12441263895454668,0.04450346612526365,False,False,task-0094-stable-T2-N624-s1010-9fd8df3999,503ad6b77942e529a6c32b2d3ab7135acd0878b3d996df3d2d119c8f00baa333
stable,2.0,624,0.0031249999999999997,0.05,16384,1010,1.4,0.08043445434332361,0.1165276821838705,0.12570983547906603,0.6766789901275394,0.07125230104812807,False,False,task-0094-stable-T2-N624-s1010-9fd8df3999,503ad6b77942e529a6c32b2d3ab7135acd0878b3d996df3d2d119c8f00baa333
stable,2.0,624,0.0031249999999999997,0.05,16384,1011,1.1,0.18538167777846487,0.04302481278580399,0.17167142826627624,0.09898035513156912,0.05673506229799263,False,True,task-0095-stable-T2-N624-s1011-216b88034c,f3e0dda0e19f1050881f46c20919eb1f7ee579d73286f619b70c2074f99622f5
stable,2.0,624,0.0031249999999999997,0.05,16384,1011,1.4,1.0500895814050852,0.11113808731741753,0.9803227063221971,0.4495738623262975,0.18090496240030562,True,True,task-0095-stable-T2-N624-s1011-216b88034c,f3e0dda0e19f1050881f46c20919eb1f7ee579d73286f619b70c2074f99622f5
vp,2.0,156,0.012499999999999999,0.05,16384,1000,1.1,0.0349798352000859,0.02832838668521263,0.0347302292051284,0.019693294974416756,0.028577992680170125,False,False,task-0156-vp-T2-N156-s1000-b079b66984,cee6b281c1aa8f24c04f0e110a34af6596ad880b55bc10ce1d8fbf89521a9351
vp,2.0,156,0.012499999999999999,0.05,16384,1000,1.4,0.06312253551057079,0.04985832969993756,0.058453759558703695,0.03333439427308132,0.05452710565180465,False,False,task-0156-vp-T2-N156-s1000-b079b66984,cee6b281c1aa8f24c04f0e110a34af6596ad880b55bc10ce1d8fbf89521a9351
vp,2.0,156,0.012499999999999999,0.05,16384,1001,1.1,0.04696170812460439,0.029476923905290192,0.04744753327565513,0.02234299900687859,0.02899109875423945,True,False,task-0157-vp-T2-N156-s1001-4eb154c3cd,a20cc300cd80e1b6f09a32ecdf3408823d96847d6fdebd9253ae766dcbb8c776
vp,2.0,156,0.012499999999999999,0.05,16384,1001,1.4,0.06948304581276386,0.04194136894905762,0.06866463853226754,0.043568197999056126,0.042759776229553945,False,False,task-0157-vp-T2-N156-s1001-4eb154c3cd,a20cc300cd80e1b6f09a32ecdf3408823d96847d6fdebd9253ae766dcbb8c776
vp,2.0,156,0.012499999999999999,0.05,16384,1002,1.1,0.031946479003030735,0.025987134045760415,0.03055244499721889,0.05310498516948668,0.027381168051572258,False,False,task-0158-vp-T2-N156-s1002-5db2f795a8,078d656fc1aa3257d709889ad425bda2050b30aa1882d1e7913c19501a42b7cc
vp,2.0,156,0.012499999999999999,0.05,16384,1002,1.4,0.040867824988672044,0.035918608297947956,0.049408930458258844,0.06373561014388614,0.02737750282836115,False,False,task-0158-vp-T2-N156-s1002-5db2f795a8,078d656fc1aa3257d709889ad425bda2050b30aa1882d1e7913c19501a42b7cc
vp,2.0,156,0.012499999999999999,0.05,16384,1003,1.1,0.03284706690509983,0.022213094645260664,0.038411902849638,0.021307043489391032,0.016648258700722493,False,False,task-0159-vp-T2-N156-s1003-3d4973c2b8,f72901331ecb107f2a79e7aee1db4eefc818813f193361da39d55674d4f2e36e
vp,2.0,156,0.012499999999999999,0.05,16384,1003,1.4,0.04288320819145834,0.037754901948111416,0.05543115999127955,0.03168660965424828,0.025206950148290205,False,False,task-0159-vp-T2-N156-s1003-3d4973c2b8,f72901331ecb107f2a79e7aee1db4eefc818813f193361da39d55674d4f2e36e
vp,2.0,156,0.012499999999999999,0.05,16384,1004,1.1,0.05161870837570495,0.020543980485674476,0.0452276439410259,0.020203459420764982,0.026935044920353528,True,True,task-0160-vp-T2-N156-s1004-e264c56b7f,819099304e2e80c5fe56c6f31120c169102d5452adbd9d97b3de8a3a57e79ab6
vp,2.0,156,0.012499999999999999,0.05,16384,1004,1.4,0.07570273198507435,0.02835365183227679,0.06409971994038459,0.029662145083844065,0.039956663876966544,True,True,task-0160-vp-T2-N156-s1004-e264c56b7f,819099304e2e80c5fe56c6f31120c169102d5452adbd9d97b3de8a3a57e79ab6
vp,2.0,156,0.012499999999999999,0.05,16384,1005,1.1,0.03852973916501118,0.022663557707628415,0.04026967242926254,0.0369238785513813,0.020923624443377052,False,False,task-0161-vp-T2-N156-s1005-95f12fc223,37a428529211936e512bb4f7675d8a90cee662d401a506180ba1bed49555c2a1
vp,2.0,156,0.012499999999999999,0.05,16384,1005,1.4,0.05722909975074709,0.03665968059951544,0.06523825580899066,0.07163317934966364,0.028650524541271857,False,False,task-0161-vp-T2-N156-s1005-95f12fc223,37a428529211936e512bb4f7675d8a90cee662d401a506180ba1bed49555c2a1
vp,2.0,156,0.012499999999999999,0.05,16384,1006,1.1,0.04779423523535332,0.02577403710204262,0.048530406146144754,0.020552963843750032,0.02503786619125118,True,False,task-0162-vp-T2-N156-s1006-a47155b203,a32f06e58e3b85e068e11116ce636d2ee6e2fce89a324f1c99367943bb335960
vp,2.0,156,0.012499999999999999,0.05,16384,1006,1.4,0.07733835011772898,0.039118295901817854,0.06743990651806135,0.034380664723181645,0.04901673950148548,True,False,task-0162-vp-T2-N156-s1006-a47155b203,a32f06e58e3b85e068e11116ce636d2ee6e2fce89a324f1c99367943bb335960
vp,2.0,156,0.012499999999999999,0.05,16384,1007,1.1,0.054049595056078426,0.03212810635963541,0.0408354522860139,0.02245856344221944,0.04534224912969993,True,False,task-0163-vp-T2-N156-s1007-c0d2b69487,f750d7f410715a61db1c2683f2f9ac4bd4d5de31ffee332f6ee6697838214c51
vp,2.0,156,0.012499999999999999,0.05,16384,1007,1.4,0.07976841516415176,0.0526268232080125,0.07299945181110784,0.038698769791345344,0.05939578656105643,True,False,task-0163-vp-T2-N156-s1007-c0d2b69487,f750d7f410715a61db1c2683f2f9ac4bd4d5de31ffee332f6ee6697838214c51
vp,2.0,156,0.012499999999999999,0.05,16384,1008,1.1,0.043242788391402213,0.02248852678337702,0.058194353579404196,0.022558764020592554,0.007536961595375036,False,False,task-0164-vp-T2-N156-s1008-9ff6c8cd2d,0da73251d7614437613c31f4d2f41c0782272411715753b90257cf66c800a8eb
vp,2.0,156,0.012499999999999999,0.05,16384,1008,1.4,0.058144329497211794,0.03101007266505587,0.07583148774219944,0.03432996342070917,0.013322914420068221,False,False,task-0164-vp-T2-N156-s1008-9ff6c8cd2d,0da73251d7614437613c31f4d2f41c0782272411715753b90257cf66c800a8eb
vp,2.0,156,0.012499999999999999,0.05,16384,1009,1.1,0.029156829439120676,0.03913692172278545,0.04740764550338401,0.05096698983317112,0.020886105658522114,False,False,task-0165-vp-T2-N156-s1009-e2e43cc921,06710215ef9fc080013d55eb0d621c6b4e633bd28c0bf736ce9793cae956c11d
vp,2.0,156,0.012499999999999999,0.05,16384,1009,1.4,0.04514134210374058,0.05324213342490944,0.07657264247726606,0.0667242035538154,0.021810833051383954,False,False,task-0165-vp-T2-N156-s1009-e2e43cc921,06710215ef9fc080013d55eb0d621c6b4e633bd28c0bf736ce9793cae956c11d
vp,2.0,156,0.012499999999999999,0.05,16384,1010,1.1,0.04159888060652068,0.025109426138917215,0.04625824729315334,0.02601426293336557,0.020450059452284564,False,False,task-0166-vp-T2-N156-s1010-3b81e8c644,ea58ac9a99339fe58ad6b4087ac421eb8b896979129d15d0684bd44fba8325ea
vp,2.0,156,0.012499999999999999,0.05,16384,1010,1.4,0.0741623821808736,0.0369192049605073,0.07386091851434845,0.035954815972012534,0.037220668627032466,True,True,task-0166-vp-T2-N156-s1010-3b81e8c644,ea58ac9a99339fe58ad6b4087ac421eb8b896979129d15d0684bd44fba8325ea
vp,2.0,156,0.012499999999999999,0.05,16384,1011,1.1,0.03475109923960024,0.02392334059769886,0.03745999944010307,0.041173421525169104,0.021214440397196027,False,False,task-0167-vp-T2-N156-s1011-b059a8ffc9,e552f94fab61f53a7c7406a4db3919f08b218bd304c0d1de183c7a8fe612abe4
vp,2.0,156,0.012499999999999999,0.05,16384,1011,1.4,0.052687054378565794,0.030606538775142585,0.053450466402609344,0.056682170121014556,0.029843126751099035,False,False,task-0167-vp-T2-N156-s1011-b059a8ffc9,e552f94fab61f53a7c7406a4db3919f08b218bd304c0d1de183c7a8fe612abe4
vp,2.0,312,0.0062499999999999995,0.05,16384,1000,1.1,0.03510591069589294,0.028296416846429893,0.03379559232253934,0.019693294974416756,0.029606735219783492,False,False,task-0168-vp-T2-N312-s1000-68cb013e41,79000c94858309d7720e7900cc41992c386448a251c78431755be0559a94c426
vp,2.0,312,0.0062499999999999995,0.05,16384,1000,1.4,0.06336957280086772,0.04971071184936762,0.056973749913638495,0.03333439427308132,0.056106534736596846,False,False,task-0168-vp-T2-N312-s1000-68cb013e41,79000c94858309d7720e7900cc41992c386448a251c78431755be0559a94c426
vp,2.0,312,0.0062499999999999995,0.05,16384,1001,1.1,0.047104125261723424,0.029283793323979443,0.04653755642124261,0.02234299900687859,0.029850362164460263,True,False,task-0169-vp-T2-N312-s1001-69b45bb5ed,7306f2337f00c1a43a05d480de6114f51c291bf344fdfd1bc68b6b474fc487a7
vp,2.0,312,0.0062499999999999995,0.05,16384,1001,1.4,0.06972689782931375,0.0418763278053596,0.06737664947681979,0.043568197999056126,0.04422657615785357,False,False,task-0169-vp-T2-N312-s1001-69b45bb5ed,7306f2337f00c1a43a05d480de6114f51c291bf344fdfd1bc68b6b474fc487a7
vp,2.0,312,0.0062499999999999995,0.05,16384,1002,1.1,0.03205296159462058,0.025619348244502196,0.029454241551214216,0.05310498516948668,0.02821806828790856,False,False,task-0170-vp-T2-N312-s1002-1cd3524450,d85660da8cc00fdc6ffe186d4dee3b1a65790a895f7ba3eb30321dc3e5bf4629
vp,2.0,312,0.0062499999999999995,0.05,16384,1002,1.4,0.041003631651111136,0.035201445397678416,0.04772817257363889,0.06373561014388614,0.02847690447515066,False,False,task-0170-vp-T2-N312-s1002-1cd3524450,d85660da8cc00fdc6ffe186d4dee3b1a65790a895f7ba3eb30321dc3e5bf4629
vp,2.0,312,0.0062499999999999995,0.05,16384,1003,1.1,0.03296423119753642,0.02161854055830417,0.037457785892166987,0.021307043489391032,0.0171249858636736,False,False,task-0171-vp-T2-N312-s1003-d7b0f641cc,8b3d6423dbff7947ba3182442ec36282618b4d1940c36abcfd45501883b2e84a
vp,2.0,312,0.0062499999999999995,0.05,16384,1003,1.4,0.04310274165405134,0.03666261933789944,0.05406150014728807,0.03168660965424828,0.02570386084466271,False,False,task-0171-vp-T2-N312-s1003-d7b0f641cc,8b3d6423dbff7947ba3182442ec36282618b4d1940c36abcfd45501883b2e84a
vp,2.0,312,0.0062499999999999995,0.05,16384,1004,1.1,0.05182566339902839,0.021223143648643698,0.04417770032494821,0.020203459420764982,0.028871106722723874,True,True,task-0172-vp-T2-N312-s1004-7a331fbf27,8bbc1bddc6615245d9b40cd0c953e857af8b9470c28c21f60d1a1ba1bc0ce115
vp,2.0,312,0.0062499999999999995,0.05,16384,1004,1.4,0.07603327948604686,0.029410694431132006,0.06255946184339332,0.029662145083844065,0.04288451207378555,True,True,task-0172-vp-T2-N312-s1004-7a331fbf27,8bbc1bddc6615245d9b40cd0c953e857af8b9470c28c21f60d1a1ba1bc0ce115
vp,2.0,312,0.0062499999999999995,0.05,16384,1005,1.1,0.03868135381101773,0.02275322042444794,0.039251283495913405,0.0369238785513813,0.02218329073955226,False,False,task-0173-vp-T2-N312-s1005-6c14e2b930,328e175a3096835a9b4d2fea4690dda8612dc459d33ed59415de2e7f3bddf976
vp,2.0,312,0.0062499999999999995,0.05,16384,1005,1.4,0.05746838876542408,0.03670413330924891,0.063777587804826,0.07163317934966364,0.030394934269847004,False,False,task-0173-vp-T2-N312-s1005-6c14e2b930,328e175a3096835a9b4d2fea4690dda8612dc459d33ed59415de2e7f3bddf976
vp,2.0,312,0.0062499999999999995,0.05,16384,1006,1.1,0.047962847510014214,0.025464458230079944,0.04740811035162207,0.020552963843750032,0.026019195388472083,True,False,task-0174-vp-T2-N312-s1006-dfd539b476,a9ba66a9244723897f41a8781a86cd6f7a7369bd42494553d625e2d778ccffb5
vp,2.0,312,0.0062499999999999995,0.05,16384,1006,1.4,0.07768893836734969,0.039052884508453296,0.06585599786224454,0.034380664723181645,0.05088582501355844,True,False,task-0174-vp-T2-N312-s1006-dfd539b476,a9ba66a9244723897f41a8781a86cd6f7a7369bd42494553d625e2d778ccffb5
vp,2.0,312,0.0062499999999999995,0.05,16384,1007,1.1,0.05427989430977135,0.03315703024766295,0.04000850752803067,0.02245856344221944,0.04742841702940362,True,False,task-0175-vp-T2-N312-s1007-cc0f676455,90c75dc11d566858d3b26536e097b4acb04c1ae6c032461d05a8ab945a53793f
vp,2.0,312,0.0062499999999999995,0.05,16384,1007,1.4,0.08014157955964239,0.05385356165943246,0.0717354399142523,0.038698769791345344,0.06225970130482256,True,False,task-0175-vp-T2-N312-s1007-cc0f676455,90c75dc11d566858d3b26536e097b4acb04c1ae6c032461d05a8ab945a53793f
vp,2.0,312,0.0062499999999999995,0.05,16384,1008,1.1,0.04337162081660774,0.02222440483892177,0.05725829872375464,0.022558764020592554,0.00833772693177487,False,False,task-0176-vp-T2-N312-s1008-202bfc9d71,60c8171333d1e1e4aba6ca9845f07ebd880781365d2296f8b5cf15058c7bdba5
vp,2.0,312,0.0062499999999999995,0.05,16384,1008,1.4,0.05836348539242718,0.030472694728548265,0.0744208189824451,0.03432996342070917,0.014415361138530342,False,False,task-0176-vp-T2-N312-s1008-202bfc9d71,60c8171333d1e1e4aba6ca9845f07ebd880781365d2296f8b5cf15058c7bdba5
vp,2.0,312,0.0062499999999999995,0.05,16384,1009,1.1,0.029242478885516596,0.0381281505124458,0.046414042747425326,0.05096698983317112,0.020956586650537075,False,False,task-0177-vp-T2-N312-s1009-401cff23c4,de52c03f0703f9525976572992ffe927c03e682e46e9796bf0cb5c56b91b77ed
vp,2.0,312,0.0062499999999999995,0.05,16384,1009,1.4,0.04529345896142391,0.0518184339688303,0.07504897360949099,0.0667242035538154,0.022062919320763222,False,False,task-0177-vp-T2-N312-s1009-401cff23c4,de52c03f0703f9525976572992ffe927c03e682e46e9796bf0cb5c56b91b77ed
vp,2.0,312,0.0062499999999999995,0.05,16384,1010,1.1,0.04179172036183898,0.024525183030187688,0.04512077888351351,0.02601426293336557,0.02119612450851316,False,False,task-0178-vp-T2-N312-s1010-8c6ee49779,83a66020161101b4b9e7565ca4f676aadccdae4abc3c2fdd50a88c6a01160f93
vp,2.0,312,0.0062499999999999995,0.05,16384,1010,1.4,0.07450172343129359,0.03628329070781496,0.07223026548887458,0.035954815972012534,0.038554748650233964,True,True,task-0178-vp-T2-N312-s1010-8c6ee49779,83a66020161101b4b9e7565ca4f676aadccdae4abc3c2fdd50a88c6a01160f93
vp,2.0,312,0.0062499999999999995,0.05,16384,1011,1.1,0.03488749332626423,0.02424516034893873,0.03677361890446129,0.041173421525169104,0.022359034770741665,False,False,task-0179-vp-T2-N312-s1011-469de56433,cc9fc69557cb785f17c6613f023a26f74c6200e6ffd323b259f67ec2e28a94cb
vp,2.0,312,0.0062499999999999995,0.05,16384,1011,1.4,0.05292739286270438,0.031086160492811144,0.05226368349577976,0.056682170121014556,0.03174986985973576,False,False,task-0179-vp-T2-N312-s1011-469de56433,cc9fc69557cb785f17c6613f023a26f74c6200e6ffd323b259f67ec2e28a94cb
vp,2.0,624,0.0031249999999999997,0.05,16384,1000,1.1,0.035188215116154484,0.028310201526681476,0.03335324076124184,0.019693294974416756,0.030145175881594113,False,False,task-0180-vp-T2-N624-s1000-8e139bc7ce,8d43e5699f45c23540a80d81de8e25aa9b966ccfc543a54babdfe26232b5445e
vp,2.0,624,0.0031249999999999997,0.05,16384,1000,1.4,0.06353605312765544,0.049683616215976105,0.05626795408862388,0.03333439427308132,0.056951715255007654,False,False,task-0180-vp-T2-N624-s1000-8e139bc7ce,8d43e5699f45c23540a80d81de8e25aa9b966ccfc543a54babdfe26232b5445e
vp,2.0,624,0.0031249999999999997,0.05,16384,1001,1.1,0.04717503734452081,0.02922067055135149,0.04607740936924937,0.02234299900687859,0.030318298526622933,True,False,task-0181-vp-T2-N624-s1001-2e1e3f6837,1b566e96652351a5fc6e73e6a822c3586fbf1bd24d0b5109012fc69259626b2e
vp,2.0,624,0.0031249999999999997,0.05,16384,1001,1.4,0.06983687386602998,0.04188993715839227,0.06671828079074492,0.043568197999056126,0.04500853023367733,False,False,task-0181-vp-T2-N624-s1001-2e1e3f6837,1b566e96652351a5fc6e73e6a822c3586fbf1bd24d0b5109012fc69259626b2e
vp,2.0,624,0.0031249999999999997,0.05,16384,1002,1.1,0.03210300575581896,0.025457241026877155,0.02890585165517757,0.05310498516948668,0.02865439512751854,False,False,task-0182-vp-T2-N624-s1002-07e0681962,14b13c0e9f75a1a53b7e60f1ff97de6769899e3ed8bf674a140bb4a521ec8d43
vp,2.0,624,0.0031249999999999997,0.05,16384,1002,1.4,0.04106865835722976,0.03488679873187838,0.046892303304916186,0.06373561014388614,0.029063153784191956,False,False,task-0182-vp-T2-N624-s1002-07e0681962,14b13c0e9f75a1a53b7e60f1ff97de6769899e3ed8bf674a140bb4a521ec8d43
vp,2.0,624,0.0031249999999999997,0.05,16384,1003,1.1,0.03302183278093078,0.02131444870425564,0.0370050452039113,0.021307043489391032,0.01733123628127512,False,False,task-0183-vp-T2-N624-s1003-53fc0aefc9,939d56ebd5b04d3d6125ab7044de5478c1280ed281264477f0017f78f511a747
vp,2.0,624,0.0031249999999999997,0.05,16384,1003,1.4,0.043209787973608825,0.03611648841689711,0.05340222355053581,0.03168660965424828,0.025924052839970124,False,False,task-0183-vp-T2-N624-s1003-53fc0aefc9,939d56ebd5b04d3d6125ab7044de5478c1280ed281264477f0017f78f511a747
vp,2.0,624,0.0031249999999999997,0.05,16384,1004,1.1,0.05195257472694516,0.021590336174633826,0.04367087820849462,0.020203459420764982,0.02987203269308436,True,True,task-0184-vp-T2-N624-s1004-a27df1dd75,3f982c0a96bcbcbf6785cc93cc02a222863528ea60e46fae09eab13e3b52e678
vp,2.0,624,0.0031249999999999997,0.05,16384,1004,1.4,0.07622860756951105,0.02998464296860662,0.06182451553841613,0.029662145083844065,0.04438873499970154,True,True,task-0184-vp-T2-N624-s1004-a27df1dd75,3f982c0a96bcbcbf6785cc93cc02a222863528ea60e46fae09eab13e3b52e678
vp,2.0,624,0.0031249999999999997,0.05,16384,1005,1.1,0.038772872619491604,0.022821713747693106,0.03873210869870379,0.0369238785513813,0.022862477668480916,False,False,task-0185-vp-T2-N624-s1005-324fa11a8e,561d8a2af5e7f2673aa3430a4210b24f80327dec851e7b9cafbe9022e6b9b37e
vp,2.0,624,0.0031249999999999997,0.05,16384,1005,1.4,0.05760318132859069,0.03676012051038872,0.06303203598335443,0.07163317934966364,0.031331265855624985,False,False,task-0185-vp-T2-N624-s1005-324fa11a8e,561d8a2af5e7f2673aa3430a4210b24f80327dec851e7b9cafbe9022e6b9b37e
vp,2.0,624,0.0031249999999999997,0.05,16384,1006,1.1,0.048041823015273835,0.025349085332689054,0.046849597778771845,0.020552963843750032,0.02654131056919104,True,False,task-0186-vp-T2-N624-s1006-adebc17f24,d95221f132a57e5da4d146e67648fa32f3466d214ec58560db43483a59af296c
vp,2.0,624,0.0031249999999999997,0.05,16384,1006,1.4,0.07784607113425256,0.03906948138855259,0.06506764321399007,0.034380664723181645,0.05184790930881507,True,False,task-0186-vp-T2-N624-s1006-adebc17f24,d95221f132a57e5da4d146e67648fa32f3466d214ec58560db43483a59af296c
vp,2.0,624,0.0031249999999999997,0.05,16384,1007,1.1,0.054402752526097116,0.03369697744323984,0.039627855940212495,0.02245856344221944,0.048471874029124465,True,False,task-0187-vp-T2-N624-s1007-5ddf9a8635,6e74b8078e33827302a58ddd0077c76abf12d4dedd491c59aa307801e44255da
vp,2.0,624,0.0031249999999999997,0.05,16384,1007,1.4,0.0803232530820843,0.054492554744640764,0.07113175782193185,0.038698769791345344,0.06368405000479321,True,False,task-0187-vp-T2-N624-s1007-5ddf9a8635,6e74b8078e33827302a58ddd0077c76abf12d4dedd491c59aa307801e44255da
vp,2.0,624,0.0031249999999999997,0.05,16384,1008,1.1,0.043455222231598416,0.022140925201167807,0.05680501863098397,0.022558764020592554,0.008791128801782247,False,False,task-0188-vp-T2-N624-s1008-cfeabfc1d6,c785f130677ba78420a73a642ea50066d9765501ad39c53144c5d361fe70dd8c
vp,2.0,624,0.0031249999999999997,0.05,16384,1008,1.4,0.05848050694014715,0.03026176769334235,0.0737246304928983,0.03432996342070917,0.015017644140591188,False,False,task-0188-vp-T2-N624-s1008-cfeabfc1d6,c785f130677ba78420a73a642ea50066d9765501ad39c53144c5d361fe70dd8c
vp,2.0,624,0.0031249999999999997,0.05,16384,1009,1.1,0.029300123728803775,0.03762819287891707,0.045917202595336146,0.05096698983317112,0.021011114012384702,False,False,task-0189-vp-T2-N624-s1009-b51499dc07,5e7cc0690ea0a6f27de5841ceef2c22d2703f2b2febcb835b09b9a07cde02217
vp,2.0,624,0.0031249999999999997,0.05,16384,1009,1.4,0.04540296933040859,0.051100561202593105,0.07428880263214648,0.0667242035538154,0.022214727900855227,False,False,task-0189-vp-T2-N624-s1009-b51499dc07,5e7cc0690ea0a6f27de5841ceef2c22d2703f2b2febcb835b09b9a07cde02217
vp,2.0,624,0.0031249999999999997,0.05,16384,1010,1.1,0.041874929838371405,0.024279584883468937,0.044529761551001086,0.02601426293336557,0.02162475317083925,False,False,task-0190-vp-T2-N624-s1010-6d439df0be,2668594f775c8a0e8df8017921a20810fec5c43338942441dbee72c92aea5d3f
vp,2.0,624,0.0031249999999999997,0.05,16384,1010,1.4,0.07464445593662983,0.03602507722467932,0.07138626289881371,0.035954815972012534,0.03928327026249544,True,True,task-0190-vp-T2-N624-s1010-6d439df0be,2668594f775c8a0e8df8017921a20810fec5c43338942441dbee72c92aea5d3f
vp,2.0,624,0.0031249999999999997,0.05,16384,1011,1.1,0.0349573134355101,0.02443948478877477,0.03644232467826778,0.041173421525169104,0.02295447354601709,False,False,task-0191-vp-T2-N624-s1011-fa54c4cb5a,90446db3bf2745d83473ce0985fcd207b036592af6599aba0262fed04e3003c0
vp,2.0,624,0.0031249999999999997,0.05,16384,1011,1.4,0.0530476075367418,0.03137943775947682,0.051688208498088944,0.056682170121014556,0.03273883679812967,False,False,task-0191-vp-T2-N624-s1011-fa54c4cb5a,90446db3bf2745d83473ce0985fcd207b036592af6599aba0262fed04e3003c0
