model,time,ct_truncated,maximizer_abs_x,boundary_abs_derivative,min_density,cutoff_characteristic,imaginary_residual,brownian_reference
stable,0.050000000000000003,0.96720184903746187,1.1875,0.091969362544048999,1.552673773837247e-06,2.4158020391037264e-226,2.6045748027550432e-17,1.0253151205244289
stable,0.12063492063492064,0.92256087847471469,1.140625,0.040479854598824944,3.4659613475057346e-06,6.310126006698729e-299,2.5899965387397301e-17,1.0621736910246822
stable,0.19126984126984126,0.88027772414592165,1.078125,0.024877894877666708,5.2517518369130317e-06,0,2.5770534819132603e-17,1.1003572729210682
stable,0.26190476190476192,0.84059959005302765,1,0.017438868552749513,6.9183407432862874e-06,0,2.5197947237346732e-17,1.1399134984243877
stable,0.33253968253968252,0.80362992113205556,0.90625,0.013127597496448691,8.4735125413108593e-06,0,2.5495653031323496e-17,1.1808917120533602
stable,0.40317460317460313,0.7693672697440227,0.796875,0.010339052399741316,9.924567923102416e-06,0,2.5213941345761434e-17,1.2233430321895744
stable,0.47380952380952379,0.73773833519724152,0.65625,0.0084034080973632228,1.1278350247047856e-05,0,2.4629157922707434e-17,1.2673204148452502
stable,0.54444444444444451,0.70861881776417635,0.484375,0.0069918022692384302,1.2541271098700425e-05,0,2.510319814944322e-17,1.312878719723356
stable,0.61507936507936511,0.68185706136683477,0.140625,0.0059240413615055951,1.3719334896913144e-05,0,2.5110768707484076e-17,1.3600747786524925
stable,0.68571428571428572,0.65695648609050672,0,0.0050932318126605423,1.4818162500271952e-05,0,2.456891782287775e-17,1.408967466481907
stable,0.75634920634920633,0.63328507801420197,0,0.0044320298113876356,1.5843013786892205e-05,0,2.4897607572351611e-17,1.4596177745250811
stable,0.82698412698412704,0.610692642920873,0,0.0038959594913071682,1.6798809195701904e-05,0,2.4257118315329352e-17,1.5120888866435078
stable,0.89761904761904765,0.58905956568745632,0,0.0034545125018287702,1.769015022936617e-05,0,2.4013297269286007e-17,1.5664462580655665
stable,0.96825396825396826,0.56828786634311246,0,0.0030861002697329942,1.852133892898684e-05,0,2.4321923455919291e-17,1.622757697038822
stable,1.038888888888889,0.54829687552844142,0,0.0027750445445331854,1.9296396338433216e-05,0,2.4071200935803177e-17,1.681093449417604
stable,1.1095238095238096,0.52901988685131862,0,0.0025097066680845538,2.0019079982314906e-05,0,2.3545616731552697e-17,1.7415262862913838
stable,1.1801587301587302,0.51040153073478656,0,0.0022812830087016621,2.0692900386358181e-05,0,2.379902516885433e-17,1.8041315947632643
stable,1.2507936507936508,0.49239568953033919,0,0.0020830053532339067,2.1321136672393937e-05,0,2.3050519619201629e-17,1.868987471991822
stable,1.3214285714285714,0.47496382461158176,0,0.0019095960523200647,2.1906851262663522e-05,0,2.2801437964941634e-17,1.9361748226136151
stable,1.392063492063492,0.45807362130869922,0,0.0017568880653386365,2.2452903729860204e-05,0,2.2526676563834451e-17,2.0057774596678875
stable,1.4626984126984126,0.44169788218652356,0,0.0016215546168150555,2.296196383026013e-05,0,2.2584264110351549e-17,2.0778822091493674
stable,1.5333333333333334,0.42581361670065931,0,0.0015009133149055324,2.3436523757733019e-05,0,2.2798634208726414e-17,2.1525790183195874
stable,1.603968253968254,0.41040128790429464,0,0.0013927819567317865,2.3878909656397192e-05,0,2.2759683160313673e-17,2.2299610679118307
stable,1.6746031746031746,0.39544418609858162,0,0.001295370766120554,2.4291292429336268e-05,0,2.3511289243381406e-17,2.3101248883696899
stable,1.7452380952380953,0.38092790612011046,0,0.001207200969334092,2.4675697880021106e-05,0,2.2976011512844617e-17,2.3931704802642209
stable,1.8158730158730159,0.36683991002569966,0,0.0011270422910788834,2.5034016222272038e-05,0,2.3315287652410183e-17,2.4792014390399255
stable,1.8865079365079365,0.35316916074508836,0,0.0010538648043598425,2.5368010993483821e-05,0,2.2721812803839009e-17,2.5683250842451613
stable,1.9571428571428571,0.33990581516334301,0,0.00098680104960037983,2.5679327404681423e-05,0,2.3097446962379447e-17,2.6606525934081979
stable,2.0277777777777777,0.32704096730722237,0,0.00092511642794295464,2.5969500159630544e-05,0,2.3011881368357797e-17,2.7562991407259219
stable,2.0984126984126981,0.31456643401741158,0,0.00086818550747181159,2.6239960773976562e-05,0,2.249545545993664e-17,2.8553840407381936
stable,2.1690476190476189,0.30247457681773521,0,0.00081547310215905101,2.6492044423936697e-05,0,2.2413087866209054e-17,2.9580308971670894
stable,2.2396825396825393,0.29075815473643984,0,0.0007665190461384699,2.6726996352735571e-05,0,2.251536073533951e-17,3.0643677571066896
stable,2.3103174603174601,0.27941020366236735,0,0.0007209258144333339,2.6945977861613555e-05,0,2.2283475025757281e-17,3.1745272707557706
stable,2.3809523809523809,0.26842393848163737,0,0.00067834840431803473,2.7150071910780332e-05,0,2.2427142809643111e-17,3.2886468568926461
stable,2.4515873015873013,0.25779267477711609,0,0.00063848608753427449,2.7340288354517129e-05,0,2.2483206312373949e-17,3.4068688742985871
stable,2.5222222222222221,0.24750976731227978,0,0.00060107556499858228,2.7517568833123519e-05,0,2.2225410769582522e-17,3.5293407993436658
stable,2.5928571428571425,0.23756856288532921,0,0.00056588533031393703,2.7682791343348546e-05,0,2.2306195257378831e-17,3.6562154099565389
stable,2.6634920634920634,0.2279623654449637,0,0.00053271095144275394,2.7836774507574065e-05,0,2.2540136449046698e-17,3.7876509762076904
stable,2.7341269841269837,0.21868441161889804,0,0.0005013711111409721,2.7980281560965013e-05,0,2.2651428889864469e-17,3.9238114577438425
stable,2.8047619047619046,0.20972785502947383,0,0.00047170438193468454,2.8114024074539988e-05,0,2.2485582486912431e-17,4.06486670831986
stable,2.875396825396825,0.20108575796487069,0,0.00044356635973074904,2.8238665431260844e-05,0,2.207001331098586e-17,4.2109926876832651
stable,2.9460317460317458,0.19275108914496769,0,0.00041682738309309857,2.8354824070979058e-05,0,2.2249121328285572e-17,4.3623716810756941
stable,3.0166666666666666,0.18471672647215179,0,0.00039137056712169188,2.8463076519294544e-05,0,2.2489255426455369e-17,4.5191925266251056
stable,3.087301587301587,0.17697546379211679,0,0.00036708997855050606,2.8563960214373878e-05,0,2.2317783424753145e-17,4.681650850912404
stable,3.1579365079365078,0.16952002081094791,0,0.00034388935467588605,2.8657976144912995e-05,0,2.2416317179320461e-17,4.8499493130063458
stable,3.2285714285714282,0.16234305542369423,0,0.0003216808125055782,2.8745591311645993e-05,0,2.2525373697202693e-17,5.0242978572711232
stable,3.299206349206349,0.15543717780825528,0,0.00030038369816109506,2.8827241023970121e-05,0,2.1947981010148331e-17,5.2049139752620288
stable,3.3698412698412694,0.14879496572733147,0,0.00027992381418333713,2.8903331042566075e-05,0,2.2084750359065517e-17,5.3920229770358663
stable,3.4404761904761902,0.14240898056165388,0,0.00026023252305234704,2.8974239578178935e-05,0,2.228240351435862e-17,5.5858582722145913
stable,3.5111111111111111,0.13627178367020923,0,0.00024124615987405735,2.9040319156084431e-05,0,2.234969248929577e-17,5.7866616611527535
stable,3.5817460317460315,0.13037595273842653,0,0.00022290529737350071,2.9101898355154743e-05,0,2.2382085647527402e-17,5.9946836365719962
stable,3.6523809523809523,0.12471409783385788,0,0.0002051543526851935,2.9159283429836045e-05,0,2.2157892465730677e-17,6.2101836960388743
stable,3.7230158730158727,0.11927887694096292,0,0.00018794113284326648,2.9212759822865011e-05,0,2.2330356572919932e-17,6.4334306656757745
stable,3.7936507936507935,0.11406301079309999,0,0.00017121631041045851,2.926259357598995e-05,0,2.2042344749076337e-17,6.6647030355087837
stable,3.8642857142857139,0.10905929686064897,0,0.00015493321686622206,2.9309032645502797e-05,0,2.2273082073202747e-17,6.9042893068708073
stable,3.9349206349206347,0.10426062239019265,0,0.00013904740985175776,2.9352308128963276e-05,0,2.2437261137091886e-17,7.1524883522933314
stable,4.0055555555555555,0.099659976420745686,0,0.0001235164862779277,2.9392635409050855e-05,0,2.2286521848457091e-17,7.4096097883357483
stable,4.0761904761904759,0.095250460730102751,0,0.00010829978835983474,2.9430215220103933e-05,0,2.2306083782740392e-17,7.6759743618173619
stable,4.1468253968253963,0.091025299687312641,0,9.3358217199479169e-05,2.9465234642531669e-05,0,2.1917024088228939e-17,7.9519143499338645
stable,4.2174603174603176,0.086977849006715013,0,7.8653950727248359e-05,2.9497868029940792e-05,0,2.2511185127036145e-17,8.2377739747574044
stable,4.288095238095238,0.083101603415281194,0,6.4150412152353683e-05,2.9528277873523361e-05,0,2.2065370659284199e-17,8.5339098326373151
stable,4.3587301587301583,0.079390203258110262,0,4.9811857679106259e-05,2.9556615607877733e-05,0,2.2342559140173921e-17,8.8406913390372015
stable,4.4293650793650787,0.075837440077868995,0,3.5603523566366705e-05,2.9583022362274113e-05,0,2.2337834028034209e-17,9.1585011893632284
stable,4.5,0.072437261212134743,0,2.149126646204073e-05,2.9607629660975466e-05,0,2.208647700150769e-17,9.4877358363585262
vp,0.050000000000000003,1.0335150135598132,3.4765625,1.0254703607033566,1.0545581630049871e-07,0,4.0440001927159616e-17,1.0253151205244289
vp,0.12063492063492064,1.0833536002834847,3.49609375,1.06254888075572,9.1655094760908681e-08,0,4.1335420411427301e-17,1.0621736910246822
vp,0.19126984126984126,1.1362977505670315,3.51953125,1.1009533651194103,7.965500613878565e-08,0,4.0683681280941842e-17,1.1003572729210682
vp,0.26190476190476192,1.1925645179094124,3.546875,1.1407316744394975,6.9221644073138107e-08,0,4.1346486402650089e-17,1.1399134984243877
vp,0.33253968253968252,1.2523818141211642,3.57421875,1.1819333876450742,6.015129238736489e-08,0,4.0829580969022208e-17,1.1808917120533602
vp,0.40317460317460313,1.3159897953634923,3.60546875,1.2246098633348139,5.2266565282029464e-08,0,4.2297543236606725e-17,1.2233430321895744
vp,0.47380952380952379,1.3836427543195615,3.640625,1.2688143036596717,4.5413034075972491e-08,0,4.1968259074964039e-17,1.2673204148452502
vp,0.54444444444444451,1.4556118336186477,3.671875,1.314601819822582,3.9456280392135017e-08,0,4.3230657838080387e-17,1.312878719723356
vp,0.61507936507936511,1.5321866238779105,3.70703125,1.3620295012251,3.4279323054181871e-08,0,4.2127976688517523e-17,1.3600747786524925
vp,0.68571428571428572,1.6136779359190319,3.7421875,1.4111564859480499,2.9780372059156403e-08,0,4.1386930792527682e-17,1.408967466481907
vp,0.75634920634920633,1.7004208694597145,3.7734375,1.4620440344149304,2.5870868880581614e-08,0,4.1837869964284539e-17,1.4596177745250811
vp,0.82698412698412704,1.7927738946781857,3.80859375,1.5147556050802995,2.2473777080762446e-08,0,4.091148368869972e-17,1.5120888866435078
vp,0.89761904761904765,1.8911242659206842,3.83984375,1.5693569346971761,1.9522091745672201e-08,0,4.1584129631768627e-17,1.5664462580655665
vp,0.96825396825396826,1.9958867506555773,3.875,1.6259161182209438,1.6957540160947937e-08,0,4.27865987811301e-17,1.622757697038822
vp,1.038888888888889,2.1075101011446011,3.90625,1.684503696121834,1.4729449430159502e-08,0,4.2566793731317609e-17,1.681093449417604
vp,1.1095238095238096,2.2264728282864432,3.9375,1.7451927384747916,1.2793759908451711e-08,0,4.3715953766584136e-17,1.7415262862913838
vp,1.1801587301587302,2.3532901417431953,3.96875,1.808058940214653,1.1112165778103961e-08,0,4.3949259426824157e-17,1.8041315947632643
vp,1.2507936507936508,2.4885151110373855,3.99609375,1.8731807127754792,9.6513666835264856e-09,0,4.3169459719758167e-17,1.868987471991822
vp,1.3214285714285714,2.6327419469421658,4.02734375,1.9406392809320534,8.3824160815257834e-09,0,4.337041623962123e-17,1.9361748226136151
vp,1.392063492063492,2.786601418934453,4.05859375,2.0105187880151307,7.2801539642257421e-09,0,4.254827102742716e-17,2.0057774596678875
vp,1.4626984126984126,2.9507779239889751,4.0859375,2.0829064001112938,6.3227131307909853e-09,0,4.310577445327104e-17,2.0778822091493674
vp,1.5333333333333334,3.125992397350192,4.11328125,2.1578924026844515,5.4910895837092765e-09,0,4.3463326190065541e-17,2.1525790183195874
vp,1.603968253968254,3.3130263133537325,4.14453125,2.2355703371040678,4.7687686016615712e-09,0,4.2518566817127621e-17,2.2299610679118307
vp,1.6746031746031746,3.5127081932993871,4.171875,2.3160370890236508,4.1413996002148615e-09,0,4.3441465223029909e-17,2.3101248883696899
vp,1.7452380952380953,3.7259202452961668,4.19921875,2.399393044394202,3.5965131768766273e-09,0,4.16944577224449e-17,2.3931704802642209
vp,1.8158730158730159,3.953605326056477,4.2265625,2.4857421710764309,3.123275096481498e-09,0,4.2778018477581426e-17,2.4792014390399255
vp,1.8865079365079365,4.1967668927277213,4.25390625,2.5751921840797793,2.7122722950740076e-09,0,4.3384230394061843e-17,2.5683250842451613
vp,1.9571428571428571,4.4564717064233932,4.28125,2.6678546567707362,2.3553268330777911e-09,0,4.3582811798624111e-17,2.6606525934081979
vp,2.0277777777777777,4.7338525187773346,4.30859375,2.7638451946361928,2.045334124052054e-09,0,4.3868895129686231e-17,2.7562991407259219
vp,2.0984126984126981,5.030110719328186,4.3359375,2.8632835254152296,1.7761223095932195e-09,0,4.3417320689479334e-17,2.8553840407381936
vp,2.1690476190476189,5.3465189197663143,4.36328125,2.9662936787282415,1.5423299787323291e-09,0,4.4205219125464985e-17,2.9580308971670894
vp,2.2396825396825393,5.6844234496419768,4.390625,3.0730041780253536,1.3392999040961342e-09,0,4.4615714514603068e-17,3.0643677571066896
vp,2.3103174603174601,6.0452467371145024,4.41796875,3.1835481326280721,1.1629866966959347e-09,0,4.4507510150448082e-17,3.1745272707557706
vp,2.3809523809523809,6.4305014073173483,4.44140625,3.2980634321147,1.0098765263524775e-09,0,4.4405806091446237e-17,3.2886468568926461
vp,2.4515873015873013,6.841763524698349,4.46875,3.4166929100676984,8.7691734322246876e-10,0,4.3607527407302893e-17,3.4068688742985871
vp,2.5222222222222221,7.2806934013202698,4.49609375,3.5395845691674559,7.6145826246442155e-10,0,4.4289343155853578e-17,3.5293407993436658
vp,2.5928571428571425,7.7490381468810421,4.5234375,3.6668916919035017,6.6119690615061962e-10,0,4.454689513521849e-17,3.6562154099565389
vp,2.6634920634920634,8.2486299697531908,4.55078125,3.7987731434061383,5.7413360644640315e-10,0,4.5420128046086184e-17,3.7876509762076904
vp,2.7341269841269837,8.7813872745998296,4.578125,3.9353933575354798,4.9853167112279524e-10,0,4.5838196863004748e-17,3.9238114577438425
vp,2.8047619047619046,9.3493154806767507,4.60546875,4.0769228834325899,4.3288279030516841e-10,0,4.354707657272531e-17,4.06486670831986
vp,2.875396825396825,9.9545075535510765,4.6328125,4.2235380755701826,3.7587706677523889e-10,0,4.4659500648256555e-17,4.2109926876832651
vp,2.9460317460317458,10.599144250414154,4.66015625,4.3754219966306671,3.2637689763852892e-10,0,4.2982686908318497e-17,4.3623716810756941
vp,3.0166666666666666,11.285494087930948,4.6875,4.5327640574467241,2.8339435732184583e-10,0,4.3654068445210905e-17,4.5191925266251056
vp,3.087301587301587,12.015913051395984,4.71484375,4.69576043273526,2.4607150540259329e-10,0,4.4761298302513375e-17,4.681650850912404
vp,3.1579365079365078,12.792844074997664,4.7421875,4.8646147646593745,2.1366327237655241e-10,0,4.402167665006836e-17,4.8499493130063458
vp,3.2285714285714282,13.61881633486605,4.76953125,5.0395371745591735,1.8552267181854443e-10,0,4.3799812075639223e-17,5.0242978572711232
vp,3.299206349206349,14.496444409006427,4.796875,5.22074662973528,1.6108784287177717e-10,0,4.5802090036553071e-17,5.2049139752620288
vp,3.3698412698412694,15.428427371009581,4.82421875,5.4084684733623254,1.3987086301118179e-10,0,4.4507504008516363e-17,5.3920229770358663
vp,3.4404761904761902,16.417562982003506,4.85546875,5.6029370666377298,1.2144806421750967e-10,0,4.54756127985842e-17,5.5858582722145913
vp,3.5111111111111111,17.466857469358359,4.8828125,5.8043947425927174,1.0545151817254421e-10,0,4.4712539944848591e-17,5.7866616611527535
vp,3.5817460317460315,18.579164195776166,4.91015625,6.0130939253260314,9.1561738888678131e-11,0,4.546264567729279e-17,5.9946836365719962
vp,3.6523809523809523,19.757525157434028,4.9375,6.2292933581814447,7.950131318456457e-11,0,4.4146144719123767e-17,6.2101836960388743
vp,3.7230158730158727,21.00506590145422,4.96484375,6.4532641912653359,6.9029330657545573e-11,0,4.4657590729672386e-17,6.4334306656757745
vp,3.7936507936507935,22.325215945767585,4.99609375,6.6852850013090217,5.9936616234323814e-11,0,4.5523258401867255e-17,6.6647030355087837
vp,3.8642857142857139,23.72129447980527,5.0234375,6.9256453328825733,5.2041526818048394e-11,0,4.4649651843169761e-17,6.9042893068708073
vp,3.9349206349206347,25.196564767635373,5.05078125,7.1746441054148695,4.5186335594753095e-11,0,4.4886551252210714e-17,7.1524883522933314
vp,4.0055555555555555,26.754624641929219,5.08203125,7.4325937640975459,3.9234085394068892e-11,0,4.5063738933326989e-17,7.4096097883357483
vp,4.0761904761904759,28.399543996381972,5.109375,7.6998155901772991,3.4065854274271839e-11,0,4.5345854867859358e-17,7.6759743618173619
vp,4.1468253968253963,30.134592876434603,5.13671875,7.9766432304985857,2.9578386955799742e-11,0,4.5637869476425278e-17,7.9519143499338645
vp,4.2174603174603176,31.963748419930354,5.16796875,8.2634211057671809,2.5682017220560663e-11,0,4.516665753097222e-17,8.2377739747574044
vp,4.288095238095238,33.891624366370245,5.1953125,8.5605056365279726,2.2298896527584692e-11,0,4.4717779937369321e-17,8.5339098326373151
vp,4.3587301587301583,35.921654042438384,5.22265625,8.8682689506458718,1.9361413616239081e-11,0,4.4105537006400369e-17,8.8406913390372015
vp,4.4293650793650787,38.058487427152258,5.25390625,9.1870945264905881,1.6810877619492237e-11,0,4.4382143132120778e-17,9.1585011893632284
vp,4.5,40.306982784442752,5.28125,9.5173826680667197,1.4596311075510135e-11,0,4.5684933768498477e-17,9.4877358363585262
