model,time,ct_main,ct_refined,resolution_relative_error,maximizer_abs_x,boundary_abs_derivative,boundary_fraction,brownian_reference,vp_boundary_reference_relative_error,domain_ct_json,domain_relative_spread,source_main_ct,source_hires_ct,source_hires_relative_error,source_main_hires_relative_error
stable,0.050000000000000003,0.96720184903746187,0.96720184903746187,0,1.1875,0.091969362544084818,0.095088075602430572,1.0253151205244289,nan,"{""8.0"":0.9672018490374619,""16.0"":0.9672018490374619,""24.0"":0.9672018490374619,""40.0"":0.9672018490374619}",0,0.96916463811317044,0.9681705002601575,0.001001498522422809,0.0010268210534671413
stable,0.25,0.84709801506830185,0.84709914250558438,1.3309389963474553e-06,1.0078125,0.018404000542748544,0.021725910958087433,1.1331484530668263,nan,"{""8.0"":0.8470991425055844,""16.0"":0.8470991425055844,""24.0"":0.8470991425055844,""40.0"":0.8470991425055844}",0,0.85542205045152286,0.85128561907538369,0.0049421329331256108,0.004859040589258303
stable,0.5,0.72665603650779964,0.72665603650779964,0,0.59375,0.0078306480810533558,0.010776278854967311,1.2840254166877414,nan,"{""8.0"":0.7266560365077996,""16.0"":0.7266560365077996,""24.0"":0.7266560365077996,""40.0"":0.7266560365077996}",0,0.73927354702431103,0.73251525906675852,0.0080632682652956745,0.0092261394884288524
stable,1,0.55921083890591494,0.55921083890591494,0,0,0.0029399768931084027,0.0052573675053588197,1.6487212707001282,nan,"{""8.0"":0.5592108389059149,""16.0"":0.5592108389059149,""24.0"":0.5592108389059149,""40.0"":0.5592108389059149}",0,0.57092501851892052,0.56251542390728559,0.0059093722286141809,0.014949980488039041
stable,2,0.33205317185763955,0.33205317185763955,0,0,0.00094877483537243637,0.0028572979142605587,2.7182818284590451,nan,"{""8.0"":0.33205317185763955,""16.0"":0.33205317185763955,""24.0"":0.33205317185763955,""40.0"":0.33205317185763955}",0,0.36212696068589878,0.33994693904315909,0.023772599856097199,0.065245540098608598
stable,3,0.1865857859888132,0.1865857859888132,0,0,0.00039726743478231088,0.0021291409347019025,4.4816890703380645,nan,"{""8.0"":0.1865857859888132,""16.0"":0.1865857859888132,""24.0"":0.1865857859888132,""40.0"":0.1865857859888132}",0,nan,nan,nan,nan
stable,4.5,0.072437261212134743,0.072437261212134743,0,0,2.1491266627056477e-05,0.0002966880065235852,9.4877358363585262,nan,"{""8.0"":0.07243726121213474,""16.0"":0.07243726121213474,""24.0"":0.07243726121213474,""40.0"":0.07243726121213474}",0,nan,nan,nan,nan
vp,0.050000000000000003,1.0335150135598132,1.0335150135598132,0,3.4765625,1.0254703607033566,0.99221622061517245,1.0253151205244289,0.0001514072852532986,"{""8.0"":1.0335150135598132,""16.0"":1.0335150135598132,""24.0"":1.0335150135598132,""40.0"":1.0335150135598132}",0,1.0338824746202135,1.0336913044880021,0.00017057413378216433,0.00018493928640153436
vp,0.25,1.1828389187760926,1.182838947715712,2.4466238132799717e-08,3.541015625,1.1339291064979897,0.95865046436611134,1.1331484530668263,0.00068892423499373968,"{""8.0"":1.182838947715712,""16.0"":1.182838947715712,""24.0"":1.182838947715712,""40.0"":1.182838947715712}",0,1.1833910416703475,1.1830907104922517,0.00021284620110448017,0.00025385304392327052
vp,0.5,1.4098094648534785,1.4098094651975914,2.4408472835761777e-10,3.650390625,1.2856040291376649,0.91189913309135107,1.2840254166877414,0.001229424612166708,"{""8.0"":1.4098094651975914,""16.0"":1.4098094651975914,""24.0"":1.4098094651975914,""40.0"":1.4098094651975914}",0,1.4104994920799072,1.410223522171691,0.00029369711604365113,0.00019569231676920849
vp,1,2.045178411177961,2.0451784111779587,1.0856979699738791e-15,3.88671875,1.6519923496307594,0.8077497496559547,1.6487212707001282,0.0019840096617678164,"{""8.0"":2.0451784111779587,""16.0"":2.0451784111779587,""24.0"":2.0451784111779587,""40.0"":2.0451784111779587}",0,2.0469053990746033,2.0460859484328466,0.00044374478526066063,0.00040049668606753419
vp,2,4.622584953526605,4.6225849535266024,5.7641672049046569e-16,4.296875,2.7256915064984604,0.58964660117690459,2.7182818284590451,0.0027258682164004017,"{""8.0"":4.622584953526602,""16.0"":4.622584953526602,""24.0"":4.622584953526602,""40.0"":4.622584953526602}",0,4.6306468740622222,4.6264968197710914,0.00084625080638153251,0.00089701872773277635
vp,3,11.119653672879462,11.119653672877542,1.7268898833382021e-13,4.6796875,4.4951361349082948,0.40425145127249673,4.4816890703380645,0.0030004456710817549,"{""8.0"":11.119653672877542,""16.0"":11.119653672877542,""24.0"":11.119653672877542,""40.0"":11.119653672877542}",0,nan,nan,nan,nan
vp,4.5,40.306982784442752,40.306982784477945,8.7312865590501385e-13,5.28125,9.517382668066233,0.23612242868576455,9.4877358363585262,0.0031247530727083854,"{""8.0"":40.306982784477945,""16.0"":40.306982784477945,""24.0"":40.306982784477945,""40.0"":40.306982784477945}",0,nan,nan,nan,nan
